device_id,timestamp,temp,shake,humidity,flux,power,noise,caliber,fault_probability,fault_type
PM_001,2024-11-06 12:00:33,32.27,144.15,38.29,7.62,4.33,75.69,100,13.83%,正常
PM_001,2024-11-06 12:10:33,35.98,149.9,68.75,10.52,2.72,72.77,100,54.96%,正常
PM_001,2024-11-06 12:20:33,39.98,77.12,53.5,13.14,4.19,70.0,100,69.58%,正常
PM_001,2024-11-06 12:30:33,44.45,144.53,42.67,10.76,2.87,84.47,100,43.47%,正常
PM_001,2024-11-06 12:40:33,31.55,101.35,54.73,10.16,3.2,71.27,100,55.04%,正常
PM_001,2024-11-06 12:50:33,32.27,90.51,44.48,14.48,3.6,79.27,100,67.85%,正常
PM_001,2024-11-06 13:00:33,27.33,98.31,46.81,5.26,2.29,69.48,100,65.63%,正常
PM_001,2024-11-06 13:10:33,25.33,146.82,68.81,9.09,4.87,74.54,100,27.11%,正常
PM_001,2024-11-06 13:20:33,26.94,117.57,62.36,6.25,2.78,81.74,100,91.52%,叶轮损坏
PM_001,2024-11-06 13:30:33,39.37,93.4,52.21,14.89,3.4,82.74,100,24.28%,正常
PM_001,2024-11-06 13:40:33,36.27,141.56,56.84,5.94,3.2,77.64,100,32.67%,正常
PM_001,2024-11-06 13:50:33,34.9,84.39,47.99,9.77,4.64,77.0,100,59.14%,正常
PM_001,2024-11-06 14:00:33,27.28,112.0,59.49,12.02,3.44,68.22,100,76.96%,气蚀
PM_001,2024-11-06 14:10:33,20.78,77.59,66.57,14.03,4.4,79.91,100,49.06%,正常
PM_001,2024-11-06 14:20:33,32.66,75.71,34.75,7.48,3.33,68.8,100,72.95%,正常
PM_001,2024-11-06 14:30:33,44.07,95.87,45.43,8.73,4.67,67.86,100,20.43%,正常
PM_001,2024-11-06 14:40:33,36.49,112.38,38.46,12.12,3.35,73.63,100,2.44%,正常
PM_001,2024-11-06 14:50:33,37.95,141.98,34.68,10.93,4.73,73.35,100,61.85%,正常
PM_001,2024-11-06 15:00:33,30.36,99.68,68.44,13.33,2.85,75.33,100,68.05%,正常
PM_001,2024-11-06 15:10:33,28.04,53.9,40.48,13.52,4.82,65.27,100,80.33%,噪音异常
PM_001,2024-11-06 15:20:33,34.52,71.33,55.01,5.85,4.88,68.68,100,70.15%,正常
PM_001,2024-11-06 15:30:33,43.49,112.17,65.01,7.67,3.44,84.21,100,71.44%,正常
PM_001,2024-11-06 15:40:33,37.75,63.97,30.07,13.34,3.36,81.03,100,87.17%,叶轮损坏
PM_001,2024-11-06 15:50:33,28.74,117.83,53.73,12.62,2.12,76.98,100,48.81%,正常
PM_002,2024-11-06 12:00:33,24.16,145.07,68.44,5.25,2.25,72.87,100,65.84%,正常
PM_002,2024-11-06 12:10:33,39.27,54.0,66.83,11.04,3.6,84.87,100,48.28%,正常
PM_002,2024-11-06 12:20:33,35.1,80.11,36.28,10.49,2.11,74.37,100,46.98%,正常
PM_002,2024-11-06 12:30:33,22.73,79.3,51.05,13.3,4.37,83.13,100,27.87%,正常
PM_002,2024-11-06 12:40:33,23.37,73.51,59.89,7.71,4.99,70.9,100,66.62%,正常
PM_002,2024-11-06 12:50:33,31.56,100.76,54.84,5.56,2.03,74.81,100,58.62%,正常
PM_002,2024-11-06 13:00:33,40.34,121.57,63.13,7.1,4.16,73.35,100,58.72%,正常
PM_002,2024-11-06 13:10:33,25.89,54.0,45.16,5.51,3.96,82.04,100,14.24%,正常
PM_002,2024-11-06 13:20:33,33.3,132.76,52.52,6.13,3.62,66.32,100,60.91%,正常
PM_002,2024-11-06 13:30:33,33.14,137.68,59.04,11.85,3.19,69.98,100,94.95%,噪音异常
PM_002,2024-11-06 13:40:33,27.01,120.25,56.49,10.33,2.17,77.15,100,51.87%,正常
PM_002,2024-11-06 13:50:33,31.51,139.8,59.03,10.51,2.08,67.09,100,68.53%,正常
PM_002,2024-11-06 14:00:33,25.36,79.92,50.37,5.88,3.19,68.48,100,83.44%,叶轮损坏
PM_002,2024-11-06 14:10:33,25.15,120.42,66.87,13.76,4.23,65.79,100,54.60%,正常
PM_002,2024-11-06 14:20:33,35.45,79.12,69.46,13.79,3.81,74.46,100,27.61%,正常
PM_002,2024-11-06 14:30:33,23.2,131.87,48.27,13.81,2.69,70.95,100,86.42%,气蚀
PM_002,2024-11-06 14:40:33,39.57,97.09,60.6,5.44,2.35,84.46,100,87.49%,气蚀
PM_002,2024-11-06 14:50:33,29.95,129.63,37.16,5.45,2.36,65.87,100,80.03%,密封泄漏
PM_002,2024-11-06 15:00:33,36.89,117.63,57.61,14.41,2.89,67.57,100,14.72%,正常
PM_002,2024-11-06 15:10:33,37.31,84.79,45.05,5.24,4.72,76.75,100,37.91%,正常
PM_002,2024-11-06 15:20:33,22.24,84.75,59.61,11.78,2.55,84.21,100,25.69%,正常
PM_002,2024-11-06 15:30:33,42.74,69.1,64.94,6.72,4.66,81.52,100,17.67%,正常
PM_002,2024-11-06 15:40:33,41.36,97.11,31.8,6.51,3.38,76.04,100,42.08%,正常
PM_002,2024-11-06 15:50:33,26.17,69.85,40.7,8.29,3.08,81.53,100,94.40%,轴承损坏
PM_003,2024-11-06 12:00:33,37.6,120.46,46.62,10.93,2.28,79.62,40,9.99%,正常
PM_003,2024-11-06 12:10:33,26.84,78.14,47.98,14.06,3.39,67.52,40,73.01%,正常
PM_003,2024-11-06 12:20:33,20.31,66.08,40.72,6.5,2.31,75.14,40,21.20%,正常
PM_003,2024-11-06 12:30:33,39.36,144.86,47.16,13.86,3.87,81.22,40,37.78%,正常
PM_003,2024-11-06 12:40:33,20.74,59.48,33.21,9.88,2.41,68.3,40,12.98%,正常
PM_003,2024-11-06 12:50:33,28.32,116.57,45.88,11.28,3.28,79.55,40,18.18%,正常
PM_003,2024-11-06 13:00:33,23.17,93.13,52.96,10.11,3.21,68.01,40,99.44%,噪音异常
PM_003,2024-11-06 13:10:33,20.14,142.73,41.01,9.0,4.49,72.38,40,37.75%,正常
PM_003,2024-11-06 13:20:33,28.27,79.24,46.24,7.78,3.98,69.55,40,51.66%,正常
PM_003,2024-11-06 13:30:33,37.05,129.92,34.65,10.7,5.0,73.65,40,58.52%,正常
PM_003,2024-11-06 13:40:33,29.32,137.67,45.21,11.82,3.1,68.73,40,17.26%,正常
PM_003,2024-11-06 13:50:33,42.96,62.82,51.56,12.23,4.09,79.86,40,75.24%,噪音异常
PM_003,2024-11-06 14:00:33,41.41,90.28,69.5,14.79,4.53,75.93,40,80.70%,振动异常
PM_003,2024-11-06 14:10:33,25.65,95.58,68.48,14.18,4.29,65.24,40,68.26%,正常
PM_003,2024-11-06 14:20:33,31.09,121.05,41.64,7.17,2.75,77.82,40,44.59%,正常
PM_003,2024-11-06 14:30:33,23.51,87.25,35.98,7.38,2.13,75.29,40,94.33%,效率降低
PM_003,2024-11-06 14:40:33,25.69,68.69,53.4,10.94,3.01,76.58,40,76.46%,振动异常
PM_003,2024-11-06 14:50:33,37.27,72.96,46.79,10.81,3.82,66.96,40,35.26%,正常
PM_003,2024-11-06 15:00:33,24.13,60.33,64.65,11.49,4.64,79.47,40,39.27%,正常
PM_003,2024-11-06 15:10:33,37.39,99.29,45.67,12.99,3.5,80.1,40,98.97%,电机过热
PM_003,2024-11-06 15:20:33,37.51,81.67,68.81,5.58,4.44,80.85,40,25.21%,正常
PM_003,2024-11-06 15:30:33,29.11,104.28,34.29,10.24,4.78,81.06,40,71.58%,正常
PM_003,2024-11-06 15:40:33,20.06,64.4,56.28,14.19,2.94,83.59,40,63.78%,正常
PM_003,2024-11-06 15:50:33,35.15,58.71,56.45,11.26,4.76,84.67,40,94.38%,叶轮损坏
PM_004,2024-11-06 12:00:33,33.31,86.96,53.08,5.38,4.0,74.28,200,61.35%,正常
PM_004,2024-11-06 12:10:33,35.71,148.4,54.89,12.12,3.54,74.62,200,87.36%,噪音异常
PM_004,2024-11-06 12:20:33,44.63,53.82,30.4,12.97,2.58,77.8,200,97.90%,密封泄漏
PM_004,2024-11-06 12:30:33,20.11,89.21,63.59,14.43,3.15,76.71,200,85.42%,气蚀
PM_004,2024-11-06 12:40:33,36.37,123.72,56.13,14.96,2.47,71.09,200,46.79%,正常
PM_004,2024-11-06 12:50:33,27.78,135.99,40.79,13.25,4.5,68.76,200,14.36%,正常
PM_004,2024-11-06 13:00:33,32.68,116.54,51.91,9.51,2.43,75.42,200,4.50%,正常
PM_004,2024-11-06 13:10:33,43.84,81.48,67.56,9.87,2.84,80.45,200,78.46%,轴承损坏
PM_004,2024-11-06 13:20:33,39.23,99.44,51.41,9.25,3.23,76.11,200,31.10%,正常
PM_004,2024-11-06 13:30:33,23.8,78.1,39.42,10.39,2.33,71.75,200,63.50%,正常
PM_004,2024-11-06 13:40:33,28.22,64.56,56.39,10.06,3.1,70.52,200,2.50%,正常
PM_004,2024-11-06 13:50:33,36.95,59.77,47.63,7.57,3.65,81.22,200,26.51%,正常
PM_004,2024-11-06 14:00:33,27.71,53.63,63.5,6.34,4.83,76.23,200,30.18%,正常
PM_004,2024-11-06 14:10:33,26.92,140.5,48.67,5.41,2.71,69.32,200,49.85%,正常
PM_004,2024-11-06 14:20:33,36.68,58.63,69.63,12.6,4.29,71.26,200,21.80%,正常
PM_004,2024-11-06 14:30:33,35.03,64.02,44.06,8.19,3.0,84.65,200,89.78%,噪音异常
PM_004,2024-11-06 14:40:33,20.04,133.84,64.61,8.32,4.23,67.83,200,85.45%,效率降低
PM_004,2024-11-06 14:50:33,37.7,148.57,38.21,6.99,4.52,73.45,200,12.39%,正常
PM_004,2024-11-06 15:00:33,27.21,82.82,50.24,12.55,2.55,71.54,200,92.86%,噪音异常
PM_004,2024-11-06 15:10:33,40.05,64.81,35.19,14.8,4.57,83.89,200,4.13%,正常
PM_004,2024-11-06 15:20:33,32.58,119.42,47.38,6.85,4.1,77.86,200,96.07%,噪音异常
PM_004,2024-11-06 15:30:33,41.86,112.43,64.31,10.97,2.79,79.11,200,26.68%,正常
PM_004,2024-11-06 15:40:33,43.11,143.27,48.27,10.21,4.95,70.4,200,44.01%,正常
PM_004,2024-11-06 15:50:33,29.7,93.85,53.53,13.08,3.26,80.36,200,64.44%,正常
PM_005,2024-11-06 12:00:33,37.11,82.09,45.94,5.77,4.19,83.64,100,10.72%,正常
PM_005,2024-11-06 12:10:33,38.62,143.68,52.21,11.8,2.8,73.84,100,68.11%,正常
PM_005,2024-11-06 12:20:33,28.15,51.95,62.22,13.01,3.21,65.26,100,46.57%,正常
PM_005,2024-11-06 12:30:33,35.96,79.36,55.21,7.59,2.81,71.09,100,70.82%,正常
PM_005,2024-11-06 12:40:33,39.36,138.23,60.16,12.43,3.35,83.76,100,10.08%,正常
PM_005,2024-11-06 12:50:33,35.94,141.95,47.83,12.01,2.58,73.02,100,29.10%,正常
PM_005,2024-11-06 13:00:33,26.84,114.64,49.07,12.7,2.46,69.84,100,57.30%,正常
PM_005,2024-11-06 13:10:33,28.88,66.04,67.19,7.7,3.62,84.87,100,35.32%,正常
PM_005,2024-11-06 13:20:33,29.59,124.21,31.31,13.51,4.51,79.21,100,82.61%,叶轮损坏
PM_005,2024-11-06 13:30:33,23.24,115.11,30.38,13.44,3.41,76.13,100,0.32%,正常
PM_005,2024-11-06 13:40:33,40.86,127.23,40.65,12.0,3.95,66.57,100,0.42%,正常
PM_005,2024-11-06 13:50:33,20.5,88.75,60.8,11.89,4.52,65.19,100,72.74%,正常
PM_005,2024-11-06 14:00:33,21.11,69.3,43.65,6.42,3.34,84.59,100,85.39%,电机过热
PM_005,2024-11-06 14:10:33,38.26,51.4,35.47,7.23,2.38,66.75,100,7.34%,正常
PM_005,2024-11-06 14:20:33,21.7,110.44,57.47,14.5,4.6,83.7,100,60.31%,正常
PM_005,2024-11-06 14:30:33,22.09,64.81,34.55,13.18,2.62,77.1,100,43.12%,正常
PM_005,2024-11-06 14:40:33,27.23,92.39,38.92,6.7,4.45,73.28,100,39.11%,正常
PM_005,2024-11-06 14:50:33,39.93,72.18,35.59,7.0,2.72,81.37,100,63.78%,正常
PM_005,2024-11-06 15:00:33,25.94,148.84,45.98,6.97,2.34,84.69,100,3.53%,正常
PM_005,2024-11-06 15:10:33,32.53,115.05,55.08,11.91,2.59,66.88,100,70.16%,正常
PM_005,2024-11-06 15:20:33,29.5,80.88,50.78,12.83,3.75,66.4,100,13.17%,正常
PM_005,2024-11-06 15:30:33,37.18,110.91,63.48,9.97,3.8,80.3,100,98.83%,电机过热
PM_005,2024-11-06 15:40:33,34.66,107.16,30.01,8.05,2.41,68.46,100,90.22%,振动异常
PM_005,2024-11-06 15:50:33,28.45,132.16,37.7,10.08,2.77,72.24,100,14.24%,正常
PM_006,2024-11-06 12:00:33,39.45,84.85,51.44,7.35,4.36,73.49,200,27.76%,正常
PM_006,2024-11-06 12:10:33,21.46,135.52,36.11,6.29,2.49,66.24,200,95.13%,电机过热
PM_006,2024-11-06 12:20:33,22.37,129.36,35.67,8.75,3.21,66.24,200,80.92%,轴承磨损
PM_006,2024-11-06 12:30:33,31.57,137.4,52.92,6.41,4.46,82.57,200,59.93%,正常
PM_006,2024-11-06 12:40:33,25.14,69.1,33.53,6.62,4.27,82.44,200,22.02%,正常
PM_006,2024-11-06 12:50:33,44.53,82.14,64.2,6.77,2.24,74.32,200,45.31%,正常
PM_006,2024-11-06 13:00:33,34.16,56.35,47.88,7.89,4.52,68.08,200,11.66%,正常
PM_006,2024-11-06 13:10:33,41.04,96.87,37.73,12.45,2.95,81.69,200,53.17%,正常
PM_006,2024-11-06 13:20:33,33.26,86.98,61.29,7.97,4.96,72.45,200,91.86%,效率降低
PM_006,2024-11-06 13:30:33,44.14,109.92,52.29,6.72,4.62,71.46,200,37.44%,正常
PM_006,2024-11-06 13:40:33,31.97,85.22,69.84,10.76,3.37,82.71,200,16.11%,正常
PM_006,2024-11-06 13:50:33,27.12,96.98,58.09,11.68,3.6,83.13,200,89.08%,噪音异常
PM_006,2024-11-06 14:00:33,20.38,105.35,60.7,11.9,2.41,71.2,200,28.63%,正常
PM_006,2024-11-06 14:10:33,26.53,89.07,43.95,6.39,2.26,81.9,200,32.92%,正常
PM_006,2024-11-06 14:20:33,34.88,60.98,56.12,8.02,3.98,76.56,200,44.83%,正常
PM_006,2024-11-06 14:30:33,28.78,147.01,59.49,9.05,2.25,79.99,200,43.52%,正常
PM_006,2024-11-06 14:40:33,21.56,77.6,33.5,10.89,4.04,82.77,200,32.24%,正常
PM_006,2024-11-06 14:50:33,41.33,68.55,69.98,6.03,4.33,75.39,200,35.60%,正常
PM_006,2024-11-06 15:00:33,22.66,130.15,67.58,9.32,2.98,65.5,200,36.64%,正常
PM_006,2024-11-06 15:10:33,21.63,142.43,64.32,13.45,3.51,78.15,200,32.67%,正常
PM_006,2024-11-06 15:20:33,23.07,118.34,64.25,5.97,4.38,72.58,200,56.77%,正常
PM_006,2024-11-06 15:30:33,26.75,58.55,52.41,11.59,3.74,81.42,200,71.03%,正常
PM_006,2024-11-06 15:40:33,30.36,125.38,59.29,11.83,3.13,69.36,200,68.11%,正常
PM_006,2024-11-06 15:50:33,22.37,149.58,65.79,12.38,4.26,66.42,200,9.11%,正常
PM_007,2024-11-06 12:00:33,25.89,108.19,38.54,11.69,4.09,66.89,40,82.90%,效率降低
PM_007,2024-11-06 12:10:33,31.79,55.25,61.07,6.81,4.88,79.51,40,48.13%,正常
PM_007,2024-11-06 12:20:33,39.83,99.34,36.51,14.24,2.6,69.84,40,47.55%,正常
PM_007,2024-11-06 12:30:33,36.45,63.99,68.97,9.12,2.32,78.79,40,74.58%,正常
PM_007,2024-11-06 12:40:33,39.69,118.48,30.13,8.62,4.11,74.94,40,26.84%,正常
PM_007,2024-11-06 12:50:33,40.39,106.33,37.6,11.24,2.8,66.99,40,42.28%,正常
PM_007,2024-11-06 13:00:33,28.11,127.23,30.87,13.76,4.95,80.7,40,5.98%,正常
PM_007,2024-11-06 13:10:33,23.23,87.99,32.44,6.59,2.5,73.25,40,80.44%,气蚀
PM_007,2024-11-06 13:20:33,37.94,62.96,31.84,11.77,4.67,67.51,40,27.16%,正常
PM_007,2024-11-06 13:30:33,27.75,131.55,64.22,5.84,2.77,80.42,40,26.61%,正常
PM_007,2024-11-06 13:40:33,27.46,128.0,39.46,9.64,2.91,81.83,40,58.25%,正常
PM_007,2024-11-06 13:50:33,43.95,119.58,57.63,14.47,4.52,76.35,40,1.73%,正常
PM_007,2024-11-06 14:00:33,32.8,57.03,69.31,14.21,3.76,67.0,40,71.94%,正常
PM_007,2024-11-06 14:10:33,28.35,52.46,33.05,5.58,4.62,74.58,40,76.18%,气蚀
PM_007,2024-11-06 14:20:33,42.02,60.23,35.92,11.69,4.42,82.84,40,85.69%,气蚀
PM_007,2024-11-06 14:30:33,26.02,66.12,54.03,11.04,2.55,80.79,40,14.71%,正常
PM_007,2024-11-06 14:40:33,35.75,106.42,52.6,6.53,2.46,74.88,40,24.45%,正常
PM_007,2024-11-06 14:50:33,24.59,64.44,32.09,11.42,4.74,77.14,40,86.25%,轴承损坏
PM_007,2024-11-06 15:00:33,37.65,93.09,35.96,9.95,3.04,67.37,40,65.43%,正常
PM_007,2024-11-06 15:10:33,44.14,67.13,64.5,6.66,3.42,65.37,40,75.68%,轴承磨损
PM_007,2024-11-06 15:20:33,41.0,86.04,33.77,14.09,4.27,82.36,40,18.56%,正常
PM_007,2024-11-06 15:30:33,21.19,97.93,57.01,5.46,3.37,73.74,40,89.09%,效率降低
PM_007,2024-11-06 15:40:33,27.38,108.02,62.56,5.74,3.86,77.41,40,96.33%,噪音异常
PM_007,2024-11-06 15:50:33,43.9,58.67,63.32,7.01,4.2,67.97,40,73.07%,正常
PM_008,2024-11-06 12:00:33,39.42,90.88,34.56,12.94,3.39,71.2,40,86.79%,密封泄漏
PM_008,2024-11-06 12:10:33,41.24,97.48,43.85,8.51,2.63,67.49,40,15.99%,正常
PM_008,2024-11-06 12:20:33,40.1,146.53,31.32,12.6,3.79,73.61,40,42.05%,正常
PM_008,2024-11-06 12:30:33,44.71,82.95,38.13,13.07,3.36,67.71,40,49.50%,正常
PM_008,2024-11-06 12:40:33,24.0,51.32,44.14,14.59,3.05,72.97,40,61.07%,正常
PM_008,2024-11-06 12:50:33,43.98,75.42,67.33,10.56,4.56,66.16,40,68.74%,正常
PM_008,2024-11-06 13:00:33,37.26,103.0,36.73,11.43,4.68,77.66,40,56.28%,正常
PM_008,2024-11-06 13:10:33,24.39,56.01,39.54,5.77,2.87,84.91,40,12.25%,正常
PM_008,2024-11-06 13:20:33,29.06,129.19,59.19,10.77,2.63,77.1,40,9.76%,正常
PM_008,2024-11-06 13:30:33,37.9,70.2,52.03,5.45,2.37,74.58,40,91.21%,效率降低
PM_008,2024-11-06 13:40:33,36.88,141.68,68.49,14.99,4.0,78.54,40,65.78%,正常
PM_008,2024-11-06 13:50:33,41.69,126.79,32.0,10.73,2.59,79.61,40,72.51%,正常
PM_008,2024-11-06 14:00:33,42.6,134.41,31.11,12.79,3.29,79.68,40,29.26%,正常
PM_008,2024-11-06 14:10:33,22.0,122.89,55.56,8.73,2.13,84.15,40,41.34%,正常
PM_008,2024-11-06 14:20:33,31.49,129.62,55.62,13.81,3.45,78.7,40,92.96%,叶轮损坏
PM_008,2024-11-06 14:30:33,44.76,72.08,35.43,7.8,2.89,79.21,40,47.86%,正常
PM_008,2024-11-06 14:40:33,28.27,105.37,40.68,7.31,3.84,75.59,40,66.89%,正常
PM_008,2024-11-06 14:50:33,41.33,90.7,51.5,8.52,2.27,84.04,40,9.01%,正常
PM_008,2024-11-06 15:00:33,30.23,118.73,50.2,14.92,4.55,74.98,40,91.95%,叶轮损坏
PM_008,2024-11-06 15:10:33,35.25,78.73,40.03,13.42,2.26,75.42,40,47.39%,正常
PM_008,2024-11-06 15:20:33,41.25,115.34,63.63,5.58,4.35,79.25,40,71.53%,正常
PM_008,2024-11-06 15:30:33,33.33,82.3,45.55,14.67,4.17,84.91,40,29.91%,正常
PM_008,2024-11-06 15:40:33,34.44,96.82,60.73,6.42,2.78,77.77,40,0.54%,正常
PM_008,2024-11-06 15:50:33,25.47,109.47,40.24,8.23,2.74,70.75,40,53.00%,正常
PM_009,2024-11-06 12:00:33,31.66,85.23,67.01,8.59,2.31,67.97,40,42.96%,正常
PM_009,2024-11-06 12:10:33,33.35,90.83,39.7,9.63,4.67,73.67,40,87.39%,轴承磨损
PM_009,2024-11-06 12:20:33,39.77,144.08,47.94,9.45,2.37,84.94,40,55.82%,正常
PM_009,2024-11-06 12:30:33,38.9,104.82,56.9,13.64,4.97,71.44,40,22.27%,正常
PM_009,2024-11-06 12:40:33,38.46,126.9,49.73,6.51,4.49,74.92,40,10.23%,正常
PM_009,2024-11-06 12:50:33,42.03,145.24,36.9,13.19,2.89,78.55,40,93.23%,轴承磨损
PM_009,2024-11-06 13:00:33,33.26,73.26,67.58,13.61,2.27,69.73,40,92.65%,效率降低
PM_009,2024-11-06 13:10:33,29.04,141.2,50.13,10.1,3.48,75.19,40,39.87%,正常
PM_009,2024-11-06 13:20:33,38.56,147.94,42.86,11.52,3.1,75.22,40,93.63%,噪音异常
PM_009,2024-11-06 13:30:33,24.58,147.12,48.62,12.3,2.15,70.88,40,91.22%,叶轮损坏
PM_009,2024-11-06 13:40:33,22.73,86.97,44.1,13.52,2.96,73.78,40,37.31%,正常
PM_009,2024-11-06 13:50:33,22.76,121.47,57.18,13.41,2.01,80.56,40,33.18%,正常
PM_009,2024-11-06 14:00:33,31.27,117.43,34.14,11.84,3.14,76.4,40,94.54%,轴承磨损
PM_009,2024-11-06 14:10:33,23.24,122.01,56.95,9.27,4.88,65.7,40,62.90%,正常
PM_009,2024-11-06 14:20:33,39.48,118.62,44.06,12.41,4.31,71.92,40,60.59%,正常
PM_009,2024-11-06 14:30:33,20.57,139.86,33.86,11.58,3.13,77.58,40,11.94%,正常
PM_009,2024-11-06 14:40:33,32.86,71.12,40.83,10.8,2.84,67.8,40,64.37%,正常
PM_009,2024-11-06 14:50:33,40.85,86.1,56.62,10.64,4.45,67.72,40,77.25%,轴承磨损
PM_009,2024-11-06 15:00:33,22.15,106.72,43.09,11.65,3.95,77.84,40,69.57%,正常
PM_009,2024-11-06 15:10:33,30.25,121.91,42.59,12.22,2.18,81.56,40,2.63%,正常
PM_009,2024-11-06 15:20:33,22.33,96.11,63.02,10.66,3.65,72.83,40,80.90%,噪音异常
PM_009,2024-11-06 15:30:33,35.4,81.87,64.83,13.45,4.3,71.7,40,99.81%,电机过热
PM_009,2024-11-06 15:40:33,22.01,97.5,50.17,11.35,2.88,73.03,40,47.97%,正常
PM_009,2024-11-06 15:50:33,33.53,53.51,40.22,14.88,3.67,77.65,40,4.48%,正常
PM_010,2024-11-06 12:00:33,40.82,119.03,64.92,10.32,4.08,78.74,40,27.85%,正常
PM_010,2024-11-06 12:10:33,33.49,56.86,43.21,13.72,2.67,77.44,40,21.01%,正常
PM_010,2024-11-06 12:20:33,21.95,120.76,47.0,12.32,3.7,78.85,40,0.82%,正常
PM_010,2024-11-06 12:30:33,20.41,101.23,59.24,7.6,3.41,76.16,40,71.58%,正常
PM_010,2024-11-06 12:40:33,28.57,130.6,36.37,7.95,4.83,76.02,40,21.73%,正常
PM_010,2024-11-06 12:50:33,36.28,70.58,61.7,8.82,2.76,71.14,40,1.48%,正常
PM_010,2024-11-06 13:00:33,26.99,56.25,51.53,10.37,3.32,73.61,40,61.51%,正常
PM_010,2024-11-06 13:10:33,40.07,103.8,47.12,9.85,2.56,67.7,40,62.47%,正常
PM_010,2024-11-06 13:20:33,43.93,111.56,39.68,12.08,3.65,79.34,40,53.41%,正常
PM_010,2024-11-06 13:30:33,36.85,65.71,58.66,6.66,2.57,65.78,40,63.99%,正常
PM_010,2024-11-06 13:40:33,20.31,81.41,61.62,5.95,3.62,65.47,40,86.63%,振动异常
PM_010,2024-11-06 13:50:33,31.5,83.32,32.64,12.25,2.21,78.7,40,43.21%,正常
PM_010,2024-11-06 14:00:33,36.44,96.85,34.17,13.27,4.68,71.02,40,79.95%,轴承磨损
PM_010,2024-11-06 14:10:33,31.28,121.01,57.89,13.41,2.61,77.0,40,67.76%,正常
PM_010,2024-11-06 14:20:33,41.97,83.24,39.46,5.2,3.53,81.53,40,72.19%,正常
PM_010,2024-11-06 14:30:33,40.64,149.69,48.1,9.26,2.93,75.52,40,4.64%,正常
PM_010,2024-11-06 14:40:33,29.85,98.61,45.57,9.73,4.18,75.46,40,2.96%,正常
PM_010,2024-11-06 14:50:33,20.11,125.57,34.44,11.18,3.76,72.71,40,92.19%,效率降低
PM_010,2024-11-06 15:00:33,42.55,134.85,42.9,11.74,4.93,73.18,40,24.55%,正常
PM_010,2024-11-06 15:10:33,27.14,57.98,50.64,8.93,2.3,84.55,40,3.79%,正常
PM_010,2024-11-06 15:20:33,26.96,138.95,38.71,8.26,2.44,84.73,40,88.08%,叶轮损坏
PM_010,2024-11-06 15:30:33,24.35,122.54,30.58,11.44,3.66,75.91,40,58.92%,正常
PM_010,2024-11-06 15:40:33,33.23,52.45,36.41,8.58,3.29,74.76,40,52.30%,正常
PM_010,2024-11-06 15:50:33,39.2,131.22,66.51,8.54,3.88,83.4,40,9.75%,正常
PM_011,2024-11-06 12:00:33,23.14,54.97,31.28,9.79,4.48,69.01,40,78.13%,叶轮损坏
PM_011,2024-11-06 12:10:33,30.1,122.26,69.42,5.11,3.5,65.38,40,16.40%,正常
PM_011,2024-11-06 12:20:33,39.85,74.96,52.18,14.34,4.78,79.92,40,8.93%,正常
PM_011,2024-11-06 12:30:33,29.29,60.18,64.55,6.8,4.11,66.57,40,91.40%,电机过热
PM_011,2024-11-06 12:40:33,43.33,117.07,68.87,9.75,2.75,81.73,40,48.61%,正常
PM_011,2024-11-06 12:50:33,39.7,122.99,36.93,12.77,3.42,79.06,40,71.97%,正常
PM_011,2024-11-06 13:00:33,38.37,85.99,43.74,13.5,4.66,83.28,40,86.81%,噪音异常
PM_011,2024-11-06 13:10:33,23.21,72.96,67.38,12.84,2.03,65.53,40,28.03%,正常
PM_011,2024-11-06 13:20:33,40.48,133.6,41.93,11.87,2.29,74.55,40,15.19%,正常
PM_011,2024-11-06 13:30:33,28.06,91.04,53.45,5.77,3.58,78.12,40,76.19%,噪音异常
PM_011,2024-11-06 13:40:33,28.48,78.0,65.53,5.06,2.09,77.31,40,97.46%,噪音异常
PM_011,2024-11-06 13:50:33,37.43,80.87,57.91,10.77,2.74,68.26,40,71.83%,正常
PM_011,2024-11-06 14:00:33,21.41,113.25,49.76,8.1,2.87,80.94,40,91.54%,效率降低
PM_011,2024-11-06 14:10:33,27.39,119.24,55.25,14.15,4.91,84.99,40,52.72%,正常
PM_011,2024-11-06 14:20:33,34.63,109.97,61.59,12.93,3.79,68.92,40,15.89%,正常
PM_011,2024-11-06 14:30:33,39.88,109.27,49.05,14.1,3.88,69.89,40,38.65%,正常
PM_011,2024-11-06 14:40:33,20.64,84.23,32.12,14.39,4.83,71.12,40,15.40%,正常
PM_011,2024-11-06 14:50:33,23.72,67.3,56.14,10.24,3.03,77.21,40,63.01%,正常
PM_011,2024-11-06 15:00:33,30.53,99.65,34.63,14.29,2.02,83.51,40,78.34%,轴承损坏
PM_011,2024-11-06 15:10:33,21.01,55.06,64.5,10.23,2.12,81.74,40,6.92%,正常
PM_011,2024-11-06 15:20:33,41.89,113.35,68.56,8.5,2.58,69.65,40,20.62%,正常
PM_011,2024-11-06 15:30:33,30.78,95.8,34.12,14.13,2.33,76.98,40,66.55%,正常
PM_011,2024-11-06 15:40:33,39.81,135.96,56.64,5.35,2.83,69.35,40,87.17%,叶轮损坏
PM_011,2024-11-06 15:50:33,39.5,75.28,53.37,10.09,4.75,78.39,40,62.84%,正常
PM_012,2024-11-06 12:00:33,40.22,114.45,63.16,8.32,3.72,81.04,100,84.95%,效率降低
PM_012,2024-11-06 12:10:33,44.16,66.15,59.57,13.04,4.96,82.55,100,7.32%,正常
PM_012,2024-11-06 12:20:33,35.2,98.55,58.02,5.73,2.88,75.74,100,38.78%,正常
PM_012,2024-11-06 12:30:33,41.88,79.81,63.64,12.16,2.01,76.42,100,63.84%,正常
PM_012,2024-11-06 12:40:33,32.62,88.71,54.21,8.88,3.03,66.72,100,29.18%,正常
PM_012,2024-11-06 12:50:33,28.02,121.43,45.22,6.82,3.06,79.18,100,91.80%,轴承磨损
PM_012,2024-11-06 13:00:33,32.32,78.71,43.4,9.03,2.56,81.76,100,69.14%,正常
PM_012,2024-11-06 13:10:33,31.2,105.9,57.73,11.57,4.97,76.09,100,86.91%,振动异常
PM_012,2024-11-06 13:20:33,44.98,109.34,30.03,11.32,2.27,83.96,100,52.18%,正常
PM_012,2024-11-06 13:30:33,36.34,127.92,54.2,8.64,4.71,70.8,100,14.72%,正常
PM_012,2024-11-06 13:40:33,32.23,102.46,42.19,5.66,4.99,70.81,100,36.93%,正常
PM_012,2024-11-06 13:50:33,39.26,86.65,57.71,12.12,3.21,82.15,100,66.77%,正常
PM_012,2024-11-06 14:00:33,38.12,58.41,48.85,10.74,3.2,67.21,100,63.12%,正常
PM_012,2024-11-06 14:10:33,41.55,62.81,48.04,7.34,4.5,75.46,100,4.26%,正常
PM_012,2024-11-06 14:20:33,22.45,94.57,33.71,9.76,4.96,80.11,100,26.86%,正常
PM_012,2024-11-06 14:30:33,31.0,148.12,40.46,12.56,4.75,77.29,100,44.16%,正常
PM_012,2024-11-06 14:40:33,42.61,103.59,65.38,5.41,3.57,74.47,100,90.96%,叶轮损坏
PM_012,2024-11-06 14:50:33,36.28,74.88,42.06,13.57,2.04,83.55,100,43.92%,正常
PM_012,2024-11-06 15:00:33,38.35,63.61,60.19,12.8,4.02,73.93,100,51.04%,正常
PM_012,2024-11-06 15:10:33,27.45,124.84,52.27,5.89,3.15,79.03,100,74.61%,正常
PM_012,2024-11-06 15:20:33,27.34,129.27,32.45,14.09,2.47,74.19,100,78.42%,效率降低
PM_012,2024-11-06 15:30:33,43.52,73.57,66.5,8.16,4.47,82.71,100,99.13%,效率降低
PM_012,2024-11-06 15:40:33,38.53,51.2,43.44,14.61,4.36,82.88,100,94.72%,噪音异常
PM_012,2024-11-06 15:50:33,38.04,117.67,66.7,5.17,2.78,68.07,100,69.04%,正常
PM_013,2024-11-06 12:00:33,25.78,85.46,54.76,9.01,3.32,76.27,200,69.22%,正常
PM_013,2024-11-06 12:10:33,41.2,111.81,53.58,7.34,2.0,77.9,200,64.75%,正常
PM_013,2024-11-06 12:20:33,38.83,142.22,66.92,10.21,3.69,76.71,200,62.84%,正常
PM_013,2024-11-06 12:30:33,39.89,97.05,49.14,13.17,4.81,75.88,200,79.24%,轴承损坏
PM_013,2024-11-06 12:40:33,43.96,149.66,57.94,14.08,3.93,77.05,200,12.81%,正常
PM_013,2024-11-06 12:50:33,30.99,57.87,35.82,9.29,4.92,83.05,200,74.49%,正常
PM_013,2024-11-06 13:00:33,40.22,96.78,42.67,7.73,2.66,81.56,200,27.84%,正常
PM_013,2024-11-06 13:10:33,34.99,101.2,53.6,9.28,2.07,84.81,200,29.24%,正常
PM_013,2024-11-06 13:20:33,24.19,92.09,62.88,10.19,4.63,67.22,200,20.74%,正常
PM_013,2024-11-06 13:30:33,29.12,80.34,30.76,5.92,2.14,69.14,200,88.71%,噪音异常
PM_013,2024-11-06 13:40:33,24.28,57.49,45.3,7.12,3.23,73.5,200,38.63%,正常
PM_013,2024-11-06 13:50:33,37.88,135.3,53.77,7.0,3.59,69.81,200,72.27%,正常
PM_013,2024-11-06 14:00:33,25.17,93.4,63.6,10.34,3.22,72.37,200,6.78%,正常
PM_013,2024-11-06 14:10:33,42.35,86.84,54.39,8.36,3.52,65.5,200,14.82%,正常
PM_013,2024-11-06 14:20:33,25.09,98.49,65.03,10.08,2.45,73.38,200,51.45%,正常
PM_013,2024-11-06 14:30:33,43.56,83.08,34.23,5.6,3.45,82.47,200,47.23%,正常
PM_013,2024-11-06 14:40:33,32.87,68.63,40.23,6.43,3.6,67.66,200,82.76%,叶轮损坏
PM_013,2024-11-06 14:50:33,21.02,112.59,42.02,7.82,2.86,82.89,200,39.29%,正常
PM_013,2024-11-06 15:00:33,32.96,51.25,69.22,5.44,3.21,67.04,200,16.05%,正常
PM_013,2024-11-06 15:10:33,23.85,97.37,50.39,6.41,3.25,72.72,200,75.01%,噪音异常
PM_013,2024-11-06 15:20:33,33.05,120.57,52.95,6.61,4.14,69.38,200,44.06%,正常
PM_013,2024-11-06 15:30:33,23.67,94.53,36.56,5.17,4.6,74.89,200,80.17%,轴承损坏
PM_013,2024-11-06 15:40:33,34.43,140.38,51.98,11.66,4.05,77.62,200,20.42%,正常
PM_013,2024-11-06 15:50:33,41.8,130.95,59.45,12.07,3.97,65.07,200,18.49%,正常
PM_014,2024-11-06 12:00:33,27.12,85.15,41.99,10.79,4.88,75.96,100,27.28%,正常
PM_014,2024-11-06 12:10:33,32.72,98.05,45.31,10.37,3.33,68.15,100,60.62%,正常
PM_014,2024-11-06 12:20:33,42.61,74.54,61.09,14.9,4.79,84.4,100,35.81%,正常
PM_014,2024-11-06 12:30:33,24.09,52.35,49.32,6.04,4.6,76.53,100,16.97%,正常
PM_014,2024-11-06 12:40:33,26.12,92.58,62.6,14.48,3.26,69.77,100,85.79%,噪音异常
PM_014,2024-11-06 12:50:33,39.18,96.7,34.14,13.83,3.58,72.43,100,16.77%,正常
PM_014,2024-11-06 13:00:33,33.49,98.52,40.42,6.39,2.55,66.38,100,37.89%,正常
PM_014,2024-11-06 13:10:33,23.8,148.33,64.66,6.73,3.55,79.61,100,89.88%,叶轮损坏
PM_014,2024-11-06 13:20:33,33.93,137.23,39.79,11.55,2.83,70.38,100,94.83%,效率降低
PM_014,2024-11-06 13:30:33,20.85,60.88,53.52,10.22,4.83,69.85,100,69.90%,正常
PM_014,2024-11-06 13:40:33,32.49,57.73,42.9,8.44,3.61,68.19,100,4.96%,正常
PM_014,2024-11-06 13:50:33,28.74,92.9,52.73,14.65,2.02,72.67,100,69.91%,正常
PM_014,2024-11-06 14:00:33,31.91,136.26,33.58,6.48,3.09,66.6,100,11.40%,正常
PM_014,2024-11-06 14:10:33,31.06,132.79,67.86,5.86,3.4,68.05,100,55.79%,正常
PM_014,2024-11-06 14:20:33,37.6,69.11,62.68,6.17,3.37,70.5,100,78.19%,振动异常
PM_014,2024-11-06 14:30:33,34.98,63.43,50.17,6.41,4.27,78.1,100,51.01%,正常
PM_014,2024-11-06 14:40:33,40.93,78.16,60.33,8.5,2.56,70.51,100,17.41%,正常
PM_014,2024-11-06 14:50:33,37.2,63.01,58.33,10.4,4.03,65.4,100,63.31%,正常
PM_014,2024-11-06 15:00:33,36.0,105.12,53.77,7.78,3.93,84.88,100,2.53%,正常
PM_014,2024-11-06 15:10:33,41.71,102.51,49.22,9.55,3.79,81.65,100,73.26%,正常
PM_014,2024-11-06 15:20:33,24.12,52.0,62.11,7.28,3.66,77.51,100,18.90%,正常
PM_014,2024-11-06 15:30:33,44.76,130.2,31.78,12.73,4.08,74.24,100,37.07%,正常
PM_014,2024-11-06 15:40:33,27.84,144.44,66.62,14.91,2.75,80.45,100,94.90%,振动异常
PM_014,2024-11-06 15:50:33,39.9,93.25,46.58,13.85,3.14,80.16,100,98.64%,振动异常
PM_015,2024-11-06 12:00:33,26.93,94.91,43.89,6.06,2.76,68.58,100,63.46%,正常
PM_015,2024-11-06 12:10:33,20.71,56.34,42.91,7.52,2.96,79.24,100,33.50%,正常
PM_015,2024-11-06 12:20:33,37.86,122.13,37.49,5.1,4.31,70.48,100,30.21%,正常
PM_015,2024-11-06 12:30:33,23.59,135.97,43.02,6.71,4.83,75.64,100,49.10%,正常
PM_015,2024-11-06 12:40:33,44.91,95.53,67.45,9.6,2.92,79.83,100,33.25%,正常
PM_015,2024-11-06 12:50:33,22.15,144.37,34.43,6.94,3.64,73.02,100,18.90%,正常
PM_015,2024-11-06 13:00:33,34.31,70.73,38.15,10.58,4.04,65.06,100,72.79%,正常
PM_015,2024-11-06 13:10:33,39.65,54.36,45.89,12.25,2.55,81.36,100,35.38%,正常
PM_015,2024-11-06 13:20:33,37.64,66.43,39.11,13.02,4.59,65.02,100,96.00%,振动异常
PM_015,2024-11-06 13:30:33,33.77,81.07,37.62,10.61,3.76,68.56,100,37.37%,正常
PM_015,2024-11-06 13:40:33,23.5,61.68,54.3,11.84,2.96,82.82,100,52.85%,正常
PM_015,2024-11-06 13:50:33,30.45,109.84,67.09,8.96,2.79,75.05,100,44.72%,正常
PM_015,2024-11-06 14:00:33,29.74,89.22,36.53,7.75,2.05,82.96,100,15.20%,正常
PM_015,2024-11-06 14:10:33,43.99,71.27,44.43,9.78,4.88,78.13,100,75.16%,电机过热
PM_015,2024-11-06 14:20:33,35.96,65.57,56.58,11.92,4.93,67.57,100,96.74%,噪音异常
PM_015,2024-11-06 14:30:33,28.91,98.91,44.82,14.82,3.31,76.92,100,31.56%,正常
PM_015,2024-11-06 14:40:33,29.78,144.07,46.46,10.64,4.71,68.16,100,6.00%,正常
PM_015,2024-11-06 14:50:33,31.77,100.86,36.58,14.77,4.6,83.67,100,2.50%,正常
PM_015,2024-11-06 15:00:33,41.34,141.7,54.24,13.19,2.97,75.67,100,80.47%,气蚀
PM_015,2024-11-06 15:10:33,23.52,86.82,45.28,10.82,4.96,81.12,100,26.75%,正常
PM_015,2024-11-06 15:20:33,27.21,99.99,63.71,14.05,4.84,68.53,100,39.99%,正常
PM_015,2024-11-06 15:30:33,29.35,108.17,47.97,14.61,2.47,80.23,100,56.11%,正常
PM_015,2024-11-06 15:40:33,26.64,137.29,56.39,11.97,4.64,82.13,100,52.41%,正常
PM_015,2024-11-06 15:50:33,21.84,145.57,64.07,10.81,4.8,65.1,100,74.64%,正常
PM_016,2024-11-06 12:00:33,34.85,124.52,36.28,13.26,2.69,66.67,100,19.79%,正常
PM_016,2024-11-06 12:10:33,34.29,53.46,68.76,13.17,4.11,79.04,100,69.38%,正常
PM_016,2024-11-06 12:20:33,29.28,105.75,34.37,5.59,2.77,73.8,100,2.73%,正常
PM_016,2024-11-06 12:30:33,42.43,147.3,40.49,5.61,3.8,83.49,100,33.87%,正常
PM_016,2024-11-06 12:40:33,21.85,100.04,36.28,6.99,4.82,68.83,100,60.57%,正常
PM_016,2024-11-06 12:50:33,25.11,89.67,32.42,8.49,3.64,73.39,100,46.54%,正常
PM_016,2024-11-06 13:00:33,37.75,113.83,67.63,7.54,2.56,84.79,100,56.83%,正常
PM_016,2024-11-06 13:10:33,25.69,56.34,61.75,12.04,4.07,76.54,100,98.38%,振动异常
PM_016,2024-11-06 13:20:33,25.12,70.26,64.0,7.82,4.73,67.08,100,12.86%,正常
PM_016,2024-11-06 13:30:33,27.81,107.2,39.87,12.01,3.26,73.11,100,46.28%,正常
PM_016,2024-11-06 13:40:33,32.94,75.57,52.21,11.42,2.31,70.82,100,53.32%,正常
PM_016,2024-11-06 13:50:33,24.44,115.55,30.55,8.8,3.9,76.22,100,75.96%,叶轮损坏
PM_016,2024-11-06 14:00:33,27.58,92.3,32.77,12.83,3.2,78.76,100,34.97%,正常
PM_016,2024-11-06 14:10:33,37.44,61.45,43.07,5.09,3.59,79.36,100,82.31%,密封泄漏
PM_016,2024-11-06 14:20:33,35.78,142.96,53.28,8.39,4.88,75.37,100,56.92%,正常
PM_016,2024-11-06 14:30:33,30.68,143.84,48.07,7.42,4.37,72.51,100,5.43%,正常
PM_016,2024-11-06 14:40:33,20.96,74.19,45.57,5.37,4.98,78.78,100,31.86%,正常
PM_016,2024-11-06 14:50:33,29.22,116.07,47.09,10.95,4.73,70.92,100,62.13%,正常
PM_016,2024-11-06 15:00:33,23.87,129.85,67.96,7.64,2.08,80.42,100,99.10%,效率降低
PM_016,2024-11-06 15:10:33,33.44,100.68,34.95,11.47,3.87,76.0,100,4.43%,正常
PM_016,2024-11-06 15:20:33,27.87,63.78,64.28,9.59,2.64,72.3,100,41.17%,正常
PM_016,2024-11-06 15:30:33,22.24,118.91,41.38,10.39,3.77,77.34,100,90.56%,电机过热
PM_016,2024-11-06 15:40:33,24.12,80.77,43.37,8.92,3.67,80.42,100,47.16%,正常
PM_016,2024-11-06 15:50:33,24.94,130.84,60.64,7.18,4.28,80.55,100,89.06%,气蚀
PM_017,2024-11-06 12:00:33,44.23,116.27,62.33,10.06,3.28,68.37,40,71.93%,正常
PM_017,2024-11-06 12:10:33,33.19,65.7,64.08,8.84,3.59,69.29,40,12.78%,正常
PM_017,2024-11-06 12:20:33,28.91,98.34,35.55,12.23,3.99,81.52,40,15.80%,正常
PM_017,2024-11-06 12:30:33,35.32,51.64,53.76,10.77,2.1,67.88,40,60.66%,正常
PM_017,2024-11-06 12:40:33,32.64,118.56,58.63,11.3,4.08,67.48,40,44.34%,正常
PM_017,2024-11-06 12:50:33,30.29,116.25,41.08,6.15,3.67,72.19,40,51.05%,正常
PM_017,2024-11-06 13:00:33,24.74,140.77,41.48,9.22,2.68,77.16,40,65.45%,正常
PM_017,2024-11-06 13:10:33,39.32,111.35,55.95,10.28,3.0,80.13,40,16.62%,正常
PM_017,2024-11-06 13:20:33,40.54,144.42,62.95,14.15,4.45,65.48,40,53.85%,正常
PM_017,2024-11-06 13:30:33,44.41,119.23,51.54,10.99,3.32,84.06,40,3.92%,正常
PM_017,2024-11-06 13:40:33,22.37,91.74,43.46,10.23,3.18,69.09,40,75.39%,轴承损坏
PM_017,2024-11-06 13:50:33,35.02,61.95,49.58,6.02,2.38,84.56,40,49.82%,正常
PM_017,2024-11-06 14:00:33,22.65,73.39,54.87,11.84,4.49,83.26,40,69.61%,正常
PM_017,2024-11-06 14:10:33,37.93,142.43,35.75,10.29,2.35,72.9,40,62.04%,正常
PM_017,2024-11-06 14:20:33,44.36,144.7,54.4,7.78,3.63,69.17,40,99.48%,振动异常
PM_017,2024-11-06 14:30:33,22.2,79.39,31.51,14.6,3.64,71.88,40,13.86%,正常
PM_017,2024-11-06 14:40:33,20.48,127.08,66.66,5.82,3.6,71.13,40,22.74%,正常
PM_017,2024-11-06 14:50:33,32.77,50.42,43.45,14.37,3.14,68.09,40,48.66%,正常
PM_017,2024-11-06 15:00:33,21.38,125.47,32.19,9.32,3.08,76.93,40,3.31%,正常
PM_017,2024-11-06 15:10:33,26.19,148.68,57.36,7.77,2.18,74.54,40,61.71%,正常
PM_017,2024-11-06 15:20:33,41.18,124.33,63.46,5.8,4.86,75.69,40,95.78%,叶轮损坏
PM_017,2024-11-06 15:30:33,41.47,141.13,35.94,5.89,3.12,68.42,40,45.51%,正常
PM_017,2024-11-06 15:40:33,31.16,105.26,42.19,11.81,4.2,82.12,40,82.19%,效率降低
PM_017,2024-11-06 15:50:33,40.77,79.96,36.53,9.04,3.23,71.29,40,31.29%,正常
PM_018,2024-11-06 12:00:33,24.94,93.24,33.37,10.09,2.58,75.83,100,76.10%,密封泄漏
PM_018,2024-11-06 12:10:33,21.95,73.0,36.11,9.42,3.96,77.92,100,52.83%,正常
PM_018,2024-11-06 12:20:33,26.78,130.26,34.39,7.84,4.69,81.0,100,68.31%,正常
PM_018,2024-11-06 12:30:33,40.29,149.54,66.7,8.52,3.27,71.17,100,27.35%,正常
PM_018,2024-11-06 12:40:33,37.99,99.11,47.97,9.38,2.3,80.47,100,52.27%,正常
PM_018,2024-11-06 12:50:33,25.47,144.23,34.0,7.74,2.3,84.6,100,16.31%,正常
PM_018,2024-11-06 13:00:33,29.45,125.06,46.4,12.69,2.25,75.29,100,29.60%,正常
PM_018,2024-11-06 13:10:33,42.26,115.19,68.3,12.05,4.04,74.59,100,14.72%,正常
PM_018,2024-11-06 13:20:33,22.07,61.96,68.03,5.38,2.88,71.48,100,72.25%,正常
PM_018,2024-11-06 13:30:33,32.91,130.5,68.19,14.36,4.37,73.3,100,55.05%,正常
PM_018,2024-11-06 13:40:33,34.47,109.01,56.35,11.46,4.9,79.36,100,15.73%,正常
PM_018,2024-11-06 13:50:33,43.21,148.07,39.46,12.07,3.97,75.78,100,37.61%,正常
PM_018,2024-11-06 14:00:33,23.04,131.79,64.77,8.63,3.46,78.6,100,26.40%,正常
PM_018,2024-11-06 14:10:33,40.58,120.65,69.24,9.79,4.45,65.15,100,76.23%,效率降低
PM_018,2024-11-06 14:20:33,27.3,119.22,58.62,14.21,2.17,80.76,100,22.09%,正常
PM_018,2024-11-06 14:30:33,33.79,60.14,43.0,12.75,2.87,82.42,100,2.35%,正常
PM_018,2024-11-06 14:40:33,22.7,90.87,49.48,10.49,2.84,76.04,100,44.17%,正常
PM_018,2024-11-06 14:50:33,36.37,117.5,45.66,11.63,4.8,79.91,100,71.24%,正常
PM_018,2024-11-06 15:00:33,33.5,65.55,30.97,14.61,4.39,70.76,100,52.56%,正常
PM_018,2024-11-06 15:10:33,29.66,142.91,37.8,8.87,3.76,80.85,100,39.89%,正常
PM_018,2024-11-06 15:20:33,42.51,70.99,62.24,8.29,2.2,81.3,100,64.94%,正常
PM_018,2024-11-06 15:30:33,24.09,98.98,51.14,12.01,2.03,75.51,100,22.45%,正常
PM_018,2024-11-06 15:40:33,28.96,139.67,52.52,7.23,4.86,73.73,100,49.40%,正常
PM_018,2024-11-06 15:50:33,40.55,144.96,46.69,12.23,4.43,81.11,100,19.06%,正常
PM_019,2024-11-06 12:00:33,41.17,124.96,67.98,8.16,3.89,73.6,200,74.65%,正常
PM_019,2024-11-06 12:10:33,40.79,120.43,54.76,8.19,3.98,65.64,200,55.85%,正常
PM_019,2024-11-06 12:20:33,22.18,122.75,39.02,11.45,2.16,71.12,200,45.31%,正常
PM_019,2024-11-06 12:30:33,41.36,91.99,48.12,5.16,4.45,84.42,200,10.86%,正常
PM_019,2024-11-06 12:40:33,43.05,121.07,65.76,8.46,3.8,81.91,200,42.05%,正常
PM_019,2024-11-06 12:50:33,37.12,78.56,36.5,14.08,4.15,77.14,200,47.29%,正常
PM_019,2024-11-06 13:00:33,33.74,136.35,54.42,8.86,2.12,68.72,200,24.60%,正常
PM_019,2024-11-06 13:10:33,31.34,83.54,41.81,11.67,2.52,81.29,200,5.67%,正常
PM_019,2024-11-06 13:20:33,35.62,91.4,39.14,11.4,2.27,69.56,200,29.66%,正常
PM_019,2024-11-06 13:30:33,41.72,55.68,49.34,10.45,4.81,65.21,200,26.66%,正常
PM_019,2024-11-06 13:40:33,39.43,111.44,43.95,12.21,2.66,65.12,200,73.71%,正常
PM_019,2024-11-06 13:50:33,39.94,121.83,51.59,5.48,4.76,72.03,200,21.03%,正常
PM_019,2024-11-06 14:00:33,43.25,117.56,30.72,9.55,2.61,83.84,200,2.72%,正常
PM_019,2024-11-06 14:10:33,23.27,72.49,52.89,10.38,3.79,66.44,200,56.24%,正常
PM_019,2024-11-06 14:20:33,26.01,74.05,51.84,9.84,2.51,78.5,200,37.76%,正常
PM_019,2024-11-06 14:30:33,34.15,86.38,49.89,14.88,3.71,76.42,200,71.99%,正常
PM_019,2024-11-06 14:40:33,22.14,67.41,69.23,10.86,3.68,65.17,200,77.27%,密封泄漏
PM_019,2024-11-06 14:50:33,35.55,65.31,45.36,5.51,2.58,66.53,200,67.16%,正常
PM_019,2024-11-06 15:00:33,41.74,135.24,34.8,12.1,3.63,83.77,200,41.64%,正常
PM_019,2024-11-06 15:10:33,40.71,91.87,69.7,12.02,3.06,70.57,200,54.72%,正常
PM_019,2024-11-06 15:20:33,39.9,85.9,63.63,5.91,2.45,71.18,200,80.89%,气蚀
PM_019,2024-11-06 15:30:33,29.53,118.66,48.23,7.58,3.0,80.69,200,95.52%,密封泄漏
PM_019,2024-11-06 15:40:33,37.44,84.53,51.76,6.16,2.12,78.05,200,70.31%,正常
PM_019,2024-11-06 15:50:33,30.08,109.57,35.22,6.08,2.46,73.3,200,5.58%,正常
PM_020,2024-11-06 12:00:33,34.67,56.06,31.76,7.17,3.56,78.46,100,54.90%,正常
PM_020,2024-11-06 12:10:33,28.35,145.26,44.77,12.72,4.03,82.9,100,86.56%,振动异常
PM_020,2024-11-06 12:20:33,30.16,114.92,49.51,13.33,3.16,82.03,100,42.25%,正常
PM_020,2024-11-06 12:30:33,41.42,132.2,54.39,10.22,2.48,82.4,100,56.56%,正常
PM_020,2024-11-06 12:40:33,42.18,111.02,60.16,11.84,2.15,81.32,100,50.97%,正常
PM_020,2024-11-06 12:50:33,42.75,53.83,52.19,11.07,4.26,82.84,100,7.78%,正常
PM_020,2024-11-06 13:00:33,37.56,102.48,61.54,5.46,3.63,84.05,100,55.77%,正常
PM_020,2024-11-06 13:10:33,26.17,128.0,65.24,14.26,3.78,66.18,100,17.75%,正常
PM_020,2024-11-06 13:20:33,28.83,109.69,53.47,10.16,3.49,67.17,100,20.60%,正常
PM_020,2024-11-06 13:30:33,38.45,65.54,52.67,8.42,2.64,69.53,100,15.10%,正常
PM_020,2024-11-06 13:40:33,34.1,71.69,37.46,10.59,2.7,83.71,100,90.76%,叶轮损坏
PM_020,2024-11-06 13:50:33,22.73,121.87,36.77,5.08,4.19,75.07,100,10.93%,正常
PM_020,2024-11-06 14:00:33,24.69,86.15,51.23,8.63,2.85,78.32,100,29.66%,正常
PM_020,2024-11-06 14:10:33,23.35,115.03,45.04,6.92,2.82,67.83,100,84.58%,噪音异常
PM_020,2024-11-06 14:20:33,44.37,70.35,60.1,5.77,4.64,70.86,100,58.76%,正常
PM_020,2024-11-06 14:30:33,23.56,51.11,69.64,5.18,2.43,81.09,100,64.41%,正常
PM_020,2024-11-06 14:40:33,36.99,94.11,41.57,8.64,2.45,81.83,100,2.11%,正常
PM_020,2024-11-06 14:50:33,44.46,134.99,46.54,9.17,2.18,79.77,100,81.56%,振动异常
PM_020,2024-11-06 15:00:33,37.38,139.87,47.96,9.92,2.08,69.87,100,30.48%,正常
PM_020,2024-11-06 15:10:33,40.49,50.51,68.06,13.81,3.91,78.95,100,90.30%,轴承磨损
PM_020,2024-11-06 15:20:33,24.64,149.59,51.33,14.74,2.49,66.16,100,35.57%,正常
PM_020,2024-11-06 15:30:33,21.82,104.79,66.34,8.84,4.76,81.64,100,13.60%,正常
PM_020,2024-11-06 15:40:33,39.64,146.61,60.69,14.83,3.37,82.96,100,56.58%,正常
PM_020,2024-11-06 15:50:33,44.65,55.95,30.73,14.55,4.31,84.07,100,3.32%,正常
PM_021,2024-11-06 12:00:33,29.12,66.79,34.9,14.95,2.1,65.81,100,56.44%,正常
PM_021,2024-11-06 12:10:33,39.94,110.22,40.04,13.53,4.09,81.79,100,61.74%,正常
PM_021,2024-11-06 12:20:33,39.79,137.93,49.6,9.27,4.93,82.96,100,97.62%,电机过热
PM_021,2024-11-06 12:30:33,27.22,116.24,39.3,11.67,2.47,66.67,100,40.25%,正常
PM_021,2024-11-06 12:40:33,24.49,109.21,39.82,13.93,3.56,77.12,100,89.34%,效率降低
PM_021,2024-11-06 12:50:33,20.94,116.12,34.97,12.9,3.52,67.75,100,76.63%,气蚀
PM_021,2024-11-06 13:00:33,36.02,119.93,52.18,6.7,2.68,72.43,100,16.64%,正常
PM_021,2024-11-06 13:10:33,39.83,68.97,44.97,5.71,2.51,84.19,100,50.93%,正常
PM_021,2024-11-06 13:20:33,27.9,97.85,30.31,11.72,3.74,75.32,100,3.30%,正常
PM_021,2024-11-06 13:30:33,35.71,134.77,65.69,12.75,2.28,73.75,100,78.14%,轴承损坏
PM_021,2024-11-06 13:40:33,42.32,60.23,51.28,12.14,4.36,76.56,100,96.72%,密封泄漏
PM_021,2024-11-06 13:50:33,44.17,78.83,55.37,9.34,3.88,75.97,100,20.49%,正常
PM_021,2024-11-06 14:00:33,36.51,74.16,55.35,11.9,2.88,72.18,100,46.05%,正常
PM_021,2024-11-06 14:10:33,29.39,56.52,57.26,9.36,3.45,81.58,100,72.12%,正常
PM_021,2024-11-06 14:20:33,36.16,100.83,52.82,13.18,2.16,74.12,100,57.68%,正常
PM_021,2024-11-06 14:30:33,39.22,93.14,69.16,6.75,2.33,81.04,100,42.35%,正常
PM_021,2024-11-06 14:40:33,25.77,112.69,44.49,13.73,4.9,67.66,100,43.19%,正常
PM_021,2024-11-06 14:50:33,20.64,134.91,57.03,6.17,4.87,74.54,100,25.81%,正常
PM_021,2024-11-06 15:00:33,25.48,68.58,52.44,9.58,3.13,81.83,100,16.65%,正常
PM_021,2024-11-06 15:10:33,30.42,145.97,62.57,7.0,3.59,79.53,100,60.23%,正常
PM_021,2024-11-06 15:20:33,36.84,143.09,39.1,7.84,2.07,68.37,100,29.87%,正常
PM_021,2024-11-06 15:30:33,43.76,72.98,35.96,13.51,4.76,70.27,100,70.09%,正常
PM_021,2024-11-06 15:40:33,43.49,111.15,68.68,13.75,2.41,81.28,100,53.80%,正常
PM_021,2024-11-06 15:50:33,32.49,127.78,55.89,7.96,3.0,68.03,100,67.32%,正常
PM_022,2024-11-06 12:00:33,31.08,85.01,54.73,14.69,4.21,80.37,200,11.10%,正常
PM_022,2024-11-06 12:10:33,23.14,146.47,35.94,7.0,3.23,79.74,200,30.44%,正常
PM_022,2024-11-06 12:20:33,26.78,110.18,31.83,10.23,2.08,84.39,200,7.61%,正常
PM_022,2024-11-06 12:30:33,35.56,80.38,54.97,6.57,4.1,68.84,200,0.37%,正常
PM_022,2024-11-06 12:40:33,21.69,116.11,46.18,6.18,2.8,67.23,200,64.57%,正常
PM_022,2024-11-06 12:50:33,28.53,60.63,57.05,9.52,3.47,81.22,200,71.26%,正常
PM_022,2024-11-06 13:00:33,32.52,63.52,68.4,7.42,2.76,76.29,200,11.47%,正常
PM_022,2024-11-06 13:10:33,30.9,58.85,31.74,5.22,4.21,68.49,200,47.95%,正常
PM_022,2024-11-06 13:20:33,27.73,55.23,34.19,12.3,2.18,82.29,200,15.33%,正常
PM_022,2024-11-06 13:30:33,33.96,85.49,33.49,13.89,4.41,82.54,200,37.87%,正常
PM_022,2024-11-06 13:40:33,43.35,65.27,36.13,7.89,3.07,69.74,200,16.81%,正常
PM_022,2024-11-06 13:50:33,31.07,141.62,68.15,10.02,4.9,69.09,200,33.75%,正常
PM_022,2024-11-06 14:00:33,22.42,115.35,43.6,5.18,3.83,68.18,200,64.32%,正常
PM_022,2024-11-06 14:10:33,22.54,145.82,62.12,6.87,3.18,82.07,200,3.04%,正常
PM_022,2024-11-06 14:20:33,22.47,102.96,49.68,13.76,3.62,65.27,200,23.49%,正常
PM_022,2024-11-06 14:30:33,39.19,134.49,36.56,13.64,3.15,68.27,200,62.02%,正常
PM_022,2024-11-06 14:40:33,34.72,124.0,40.94,5.13,4.2,71.0,200,92.95%,叶轮损坏
PM_022,2024-11-06 14:50:33,38.6,85.57,39.11,7.82,3.41,66.59,200,79.20%,振动异常
PM_022,2024-11-06 15:00:33,39.23,88.87,48.21,8.04,2.06,84.19,200,93.59%,振动异常
PM_022,2024-11-06 15:10:33,29.79,74.01,53.21,13.17,2.71,75.29,200,10.43%,正常
PM_022,2024-11-06 15:20:33,40.85,138.67,42.76,11.98,2.4,82.95,200,87.32%,电机过热
PM_022,2024-11-06 15:30:33,24.56,132.3,30.18,6.48,4.44,78.13,200,83.67%,密封泄漏
PM_022,2024-11-06 15:40:33,29.93,106.79,30.18,10.99,4.03,79.85,200,74.20%,正常
PM_022,2024-11-06 15:50:33,28.59,145.79,31.46,13.1,4.28,84.7,200,14.23%,正常
PM_023,2024-11-06 12:00:33,28.59,116.08,52.07,9.17,3.36,82.47,100,64.16%,正常
PM_023,2024-11-06 12:10:33,21.11,140.51,56.24,10.62,3.67,69.11,100,70.46%,正常
PM_023,2024-11-06 12:20:33,29.73,147.85,34.48,5.18,3.23,71.26,100,14.45%,正常
PM_023,2024-11-06 12:30:33,37.98,63.48,33.97,14.45,2.9,73.09,100,30.77%,正常
PM_023,2024-11-06 12:40:33,21.42,127.4,38.03,12.3,2.21,83.81,100,93.06%,轴承磨损
PM_023,2024-11-06 12:50:33,24.3,138.53,42.99,6.6,2.47,79.55,100,1.46%,正常
PM_023,2024-11-06 13:00:33,24.04,67.16,42.43,11.83,2.24,69.83,100,44.75%,正常
PM_023,2024-11-06 13:10:33,21.64,94.55,53.56,7.38,4.45,77.94,100,35.19%,正常
PM_023,2024-11-06 13:20:33,40.88,108.34,67.74,9.73,2.62,77.83,100,41.66%,正常
PM_023,2024-11-06 13:30:33,22.72,67.57,58.7,13.74,4.55,83.71,100,95.76%,振动异常
PM_023,2024-11-06 13:40:33,36.23,85.66,30.03,7.04,2.09,73.2,100,18.32%,正常
PM_023,2024-11-06 13:50:33,43.45,98.64,53.61,11.3,3.0,74.15,100,65.48%,正常
PM_023,2024-11-06 14:00:33,30.89,91.07,57.95,6.85,4.36,72.29,100,10.00%,正常
PM_023,2024-11-06 14:10:33,35.87,89.2,45.65,11.5,2.61,65.0,100,23.92%,正常
PM_023,2024-11-06 14:20:33,21.52,59.72,57.86,5.69,2.32,74.07,100,7.49%,正常
PM_023,2024-11-06 14:30:33,33.01,99.41,53.06,10.23,2.94,66.57,100,34.49%,正常
PM_023,2024-11-06 14:40:33,38.76,136.4,54.4,12.52,3.58,84.39,100,35.85%,正常
PM_023,2024-11-06 14:50:33,20.96,74.87,40.45,13.05,2.04,78.27,100,34.03%,正常
PM_023,2024-11-06 15:00:33,31.6,147.09,39.14,5.05,3.12,82.42,100,11.50%,正常
PM_023,2024-11-06 15:10:33,26.97,84.84,35.09,5.41,2.69,80.08,100,80.07%,密封泄漏
PM_023,2024-11-06 15:20:33,34.07,134.8,50.27,8.29,4.64,76.74,100,9.22%,正常
PM_023,2024-11-06 15:30:33,38.4,62.44,63.12,5.5,4.59,68.12,100,66.67%,正常
PM_023,2024-11-06 15:40:33,44.39,69.33,52.26,14.59,3.42,65.59,100,55.20%,正常
PM_023,2024-11-06 15:50:33,21.68,89.58,37.23,12.63,3.35,80.34,100,74.52%,正常
PM_024,2024-11-06 12:00:33,28.55,140.19,31.45,13.99,3.35,76.34,200,78.96%,振动异常
PM_024,2024-11-06 12:10:33,24.2,88.94,64.95,11.55,4.7,76.37,200,86.17%,密封泄漏
PM_024,2024-11-06 12:20:33,25.01,52.59,63.06,10.2,4.27,76.52,200,31.62%,正常
PM_024,2024-11-06 12:30:33,26.11,119.48,37.1,13.82,2.74,69.89,200,70.12%,正常
PM_024,2024-11-06 12:40:33,24.11,87.23,48.65,8.14,4.98,72.49,200,40.79%,正常
PM_024,2024-11-06 12:50:33,40.15,124.83,35.23,14.85,4.29,80.19,200,73.60%,正常
PM_024,2024-11-06 13:00:33,35.64,131.65,39.11,11.89,4.79,68.37,200,57.42%,正常
PM_024,2024-11-06 13:10:33,42.65,76.15,52.56,6.01,2.39,82.85,200,63.32%,正常
PM_024,2024-11-06 13:20:33,39.89,111.72,62.41,14.29,3.16,74.03,200,86.64%,噪音异常
PM_024,2024-11-06 13:30:33,27.46,109.7,68.96,8.13,3.03,73.53,200,47.69%,正常
PM_024,2024-11-06 13:40:33,39.8,126.68,30.06,13.85,4.62,81.75,200,61.58%,正常
PM_024,2024-11-06 13:50:33,44.04,52.13,34.49,12.32,4.07,65.21,200,3.25%,正常
PM_024,2024-11-06 14:00:33,40.19,95.31,66.95,6.9,2.58,65.08,200,71.84%,正常
PM_024,2024-11-06 14:10:33,33.12,108.04,51.18,8.3,4.17,66.56,200,26.20%,正常
PM_024,2024-11-06 14:20:33,25.86,97.76,54.41,5.82,3.5,78.35,200,74.97%,正常
PM_024,2024-11-06 14:30:33,23.48,53.2,38.23,6.82,3.53,81.17,200,96.72%,叶轮损坏
PM_024,2024-11-06 14:40:33,28.41,116.05,43.59,9.53,2.12,66.2,200,89.64%,电机过热
PM_024,2024-11-06 14:50:33,28.67,127.4,66.26,7.02,2.94,68.03,200,90.33%,振动异常
PM_024,2024-11-06 15:00:33,41.7,143.78,58.23,14.7,3.74,80.94,200,97.13%,气蚀
PM_024,2024-11-06 15:10:33,32.85,135.25,36.62,13.13,2.05,75.43,200,40.80%,正常
PM_024,2024-11-06 15:20:33,40.57,57.03,51.56,10.67,2.16,83.7,200,83.02%,轴承损坏
PM_024,2024-11-06 15:30:33,23.98,54.51,65.54,10.18,3.09,71.07,200,5.32%,正常
PM_024,2024-11-06 15:40:33,38.96,82.55,66.17,8.82,2.98,79.01,200,49.10%,正常
PM_024,2024-11-06 15:50:33,22.37,104.64,47.64,13.29,2.98,65.72,200,7.11%,正常
PM_025,2024-11-06 12:00:33,32.25,131.83,35.01,6.35,2.65,68.92,200,56.76%,正常
PM_025,2024-11-06 12:10:33,31.6,75.97,53.08,6.46,3.6,65.18,200,93.82%,轴承磨损
PM_025,2024-11-06 12:20:33,24.29,128.66,67.88,12.44,2.98,77.97,200,67.97%,正常
PM_025,2024-11-06 12:30:33,22.23,98.28,53.99,9.54,4.76,81.86,200,28.37%,正常
PM_025,2024-11-06 12:40:33,32.55,127.07,58.18,6.82,2.48,73.75,200,1.73%,正常
PM_025,2024-11-06 12:50:33,44.22,110.53,35.96,14.06,4.33,67.11,200,42.83%,正常
PM_025,2024-11-06 13:00:33,21.2,145.75,45.43,5.59,4.39,72.3,200,29.53%,正常
PM_025,2024-11-06 13:10:33,22.08,51.28,59.59,12.62,4.71,72.9,200,86.35%,密封泄漏
PM_025,2024-11-06 13:20:33,31.35,96.67,48.11,9.81,4.79,82.96,200,56.88%,正常
PM_025,2024-11-06 13:30:33,39.04,84.4,67.59,9.24,4.7,70.44,200,66.91%,正常
PM_025,2024-11-06 13:40:33,43.63,146.49,40.63,8.18,2.76,81.34,200,94.13%,效率降低
PM_025,2024-11-06 13:50:33,30.91,80.17,35.13,5.61,4.2,81.19,200,91.24%,振动异常
PM_025,2024-11-06 14:00:33,30.63,96.21,39.4,7.14,3.61,69.55,200,50.74%,正常
PM_025,2024-11-06 14:10:33,37.91,90.61,58.99,11.25,4.59,70.82,200,44.15%,正常
PM_025,2024-11-06 14:20:33,30.78,112.36,56.66,6.41,3.25,71.44,200,41.24%,正常
PM_025,2024-11-06 14:30:33,34.48,65.06,31.6,9.9,3.97,75.66,200,87.73%,密封泄漏
PM_025,2024-11-06 14:40:33,33.1,138.46,47.24,9.28,4.64,83.05,200,89.03%,噪音异常
PM_025,2024-11-06 14:50:33,41.35,54.23,42.13,12.98,2.59,77.96,200,95.33%,噪音异常
PM_025,2024-11-06 15:00:33,43.3,108.36,42.98,6.99,2.04,76.93,200,99.15%,密封泄漏
PM_025,2024-11-06 15:10:33,39.58,121.44,46.35,12.52,2.4,69.85,200,38.67%,正常
PM_025,2024-11-06 15:20:33,30.16,115.47,61.58,9.7,4.95,69.47,200,81.51%,电机过热
PM_025,2024-11-06 15:30:33,31.83,115.83,45.64,11.07,3.47,79.36,200,26.67%,正常
PM_025,2024-11-06 15:40:33,30.78,128.59,57.47,13.93,3.0,79.24,200,3.05%,正常
PM_025,2024-11-06 15:50:33,42.9,77.6,38.71,13.3,3.26,77.17,200,67.58%,正常
PM_026,2024-11-06 12:00:33,38.92,62.43,32.6,9.45,4.77,71.22,200,27.27%,正常
PM_026,2024-11-06 12:10:33,27.82,126.43,40.63,7.35,4.03,71.03,200,31.62%,正常
PM_026,2024-11-06 12:20:33,43.35,71.66,55.6,12.37,3.14,67.5,200,90.59%,密封泄漏
PM_026,2024-11-06 12:30:33,42.63,140.07,53.28,10.17,4.98,82.13,200,31.19%,正常
PM_026,2024-11-06 12:40:33,39.4,103.41,60.57,12.76,2.14,65.29,200,37.18%,正常
PM_026,2024-11-06 12:50:33,42.43,104.52,37.31,13.24,2.67,84.33,200,40.37%,正常
PM_026,2024-11-06 13:00:33,29.67,114.48,57.98,7.21,3.71,72.41,200,9.54%,正常
PM_026,2024-11-06 13:10:33,37.69,86.37,54.69,13.87,4.31,84.06,200,51.49%,正常
PM_026,2024-11-06 13:20:33,32.6,80.87,52.43,6.63,4.05,73.94,200,1.81%,正常
PM_026,2024-11-06 13:30:33,38.56,91.88,30.13,14.69,2.37,75.57,200,12.42%,正常
PM_026,2024-11-06 13:40:33,26.04,81.14,60.05,8.71,3.17,84.32,200,64.85%,正常
PM_026,2024-11-06 13:50:33,25.78,62.24,55.33,10.04,3.16,80.75,200,84.32%,密封泄漏
PM_026,2024-11-06 14:00:33,29.49,126.46,30.38,9.17,2.95,75.47,200,54.21%,正常
PM_026,2024-11-06 14:10:33,27.04,73.08,68.35,8.53,3.78,65.23,200,74.53%,正常
PM_026,2024-11-06 14:20:33,27.37,144.35,30.55,7.55,2.89,79.51,200,67.00%,正常
PM_026,2024-11-06 14:30:33,25.74,91.77,50.57,10.42,3.0,79.14,200,33.33%,正常
PM_026,2024-11-06 14:40:33,43.98,121.12,58.41,5.42,2.34,75.31,200,26.88%,正常
PM_026,2024-11-06 14:50:33,44.66,122.33,59.52,12.58,2.37,68.82,200,63.46%,正常
PM_026,2024-11-06 15:00:33,22.82,136.77,54.69,11.18,2.04,72.3,200,96.13%,振动异常
PM_026,2024-11-06 15:10:33,31.43,81.46,32.86,9.65,4.56,79.49,200,91.47%,振动异常
PM_026,2024-11-06 15:20:33,27.73,73.75,31.21,11.31,4.0,79.39,200,52.65%,正常
PM_026,2024-11-06 15:30:33,30.6,127.6,49.64,13.23,2.42,74.39,200,44.83%,正常
PM_026,2024-11-06 15:40:33,37.68,67.09,40.99,10.54,4.84,72.85,200,73.08%,正常
PM_026,2024-11-06 15:50:33,22.25,142.94,57.06,8.21,2.19,83.91,200,57.00%,正常
PM_027,2024-11-06 12:00:33,37.7,115.08,58.84,13.04,4.36,82.02,100,21.78%,正常
PM_027,2024-11-06 12:10:33,30.96,132.45,39.08,13.69,2.02,74.74,100,82.77%,轴承损坏
PM_027,2024-11-06 12:20:33,37.76,112.06,69.43,10.37,4.14,65.68,100,34.47%,正常
PM_027,2024-11-06 12:30:33,29.47,127.88,39.43,10.4,2.4,78.26,100,91.66%,叶轮损坏
PM_027,2024-11-06 12:40:33,32.75,112.55,49.94,8.47,4.25,77.77,100,95.88%,轴承损坏
PM_027,2024-11-06 12:50:33,30.64,117.37,62.19,13.46,4.87,66.71,100,53.04%,正常
PM_027,2024-11-06 13:00:33,40.92,62.39,58.87,6.31,4.15,80.0,100,16.40%,正常
PM_027,2024-11-06 13:10:33,22.69,55.63,63.06,13.7,4.04,71.76,100,90.52%,振动异常
PM_027,2024-11-06 13:20:33,30.92,88.83,65.86,5.19,4.35,66.17,100,8.14%,正常
PM_027,2024-11-06 13:30:33,29.94,110.17,66.09,11.61,4.16,65.2,100,39.82%,正常
PM_027,2024-11-06 13:40:33,41.55,82.26,46.99,5.93,2.06,65.46,100,63.84%,正常
PM_027,2024-11-06 13:50:33,28.56,148.37,67.49,12.32,3.57,80.08,100,86.45%,噪音异常
PM_027,2024-11-06 14:00:33,41.45,78.72,50.51,5.34,2.46,70.94,100,85.12%,轴承磨损
PM_027,2024-11-06 14:10:33,31.87,66.36,30.85,14.59,4.27,69.51,100,19.65%,正常
PM_027,2024-11-06 14:20:33,29.1,149.92,36.1,12.49,4.91,75.61,100,67.71%,正常
PM_027,2024-11-06 14:30:33,28.83,80.14,38.72,13.67,3.64,78.9,100,43.99%,正常
PM_027,2024-11-06 14:40:33,43.23,95.2,61.22,10.38,2.97,66.31,100,30.08%,正常
PM_027,2024-11-06 14:50:33,36.22,130.47,45.15,14.86,4.34,71.84,100,55.11%,正常
PM_027,2024-11-06 15:00:33,25.59,93.24,62.26,6.09,2.32,83.52,100,21.42%,正常
PM_027,2024-11-06 15:10:33,20.51,107.94,38.83,11.11,2.64,68.62,100,30.19%,正常
PM_027,2024-11-06 15:20:33,23.27,102.37,59.19,9.34,4.57,81.4,100,40.45%,正常
PM_027,2024-11-06 15:30:33,20.43,101.41,68.09,14.88,2.45,66.99,100,89.67%,振动异常
PM_027,2024-11-06 15:40:33,40.01,148.05,43.53,6.31,4.61,71.94,100,32.56%,正常
PM_027,2024-11-06 15:50:33,33.81,67.76,66.71,10.0,2.82,66.25,100,30.59%,正常
PM_028,2024-11-06 12:00:33,37.91,66.18,38.52,12.11,2.98,77.07,100,36.58%,正常
PM_028,2024-11-06 12:10:33,21.44,93.76,60.95,11.82,3.87,70.2,100,16.12%,正常
PM_028,2024-11-06 12:20:33,42.82,114.86,49.59,11.35,4.02,70.01,100,31.11%,正常
PM_028,2024-11-06 12:30:33,38.88,138.63,31.11,13.75,3.4,73.61,100,42.35%,正常
PM_028,2024-11-06 12:40:33,27.09,141.1,67.04,14.68,3.32,79.16,100,26.79%,正常
PM_028,2024-11-06 12:50:33,41.6,77.46,40.24,10.64,3.3,68.83,100,42.88%,正常
PM_028,2024-11-06 13:00:33,31.52,122.24,38.48,12.95,2.99,81.74,100,45.09%,正常
PM_028,2024-11-06 13:10:33,42.08,72.56,59.89,10.39,3.52,70.32,100,64.25%,正常
PM_028,2024-11-06 13:20:33,31.78,69.99,44.06,13.1,3.08,72.75,100,44.96%,正常
PM_028,2024-11-06 13:30:33,20.64,133.46,52.76,5.68,3.46,70.14,100,23.15%,正常
PM_028,2024-11-06 13:40:33,42.39,53.54,42.46,6.95,2.88,65.89,100,57.14%,正常
PM_028,2024-11-06 13:50:33,34.24,121.56,68.17,6.18,4.53,67.88,100,43.86%,正常
PM_028,2024-11-06 14:00:33,37.43,144.93,64.92,9.46,2.02,79.69,100,35.58%,正常
PM_028,2024-11-06 14:10:33,24.23,142.58,35.12,6.72,2.7,72.72,100,74.58%,正常
PM_028,2024-11-06 14:20:33,42.66,83.8,52.19,13.39,2.02,68.31,100,11.51%,正常
PM_028,2024-11-06 14:30:33,26.34,71.14,30.56,12.67,4.6,67.93,100,13.32%,正常
PM_028,2024-11-06 14:40:33,36.81,68.86,55.86,11.42,4.78,81.76,100,2.41%,正常
PM_028,2024-11-06 14:50:33,26.31,90.96,47.53,14.35,4.1,73.94,100,15.41%,正常
PM_028,2024-11-06 15:00:33,24.84,51.86,30.35,7.19,3.36,75.86,100,53.96%,正常
PM_028,2024-11-06 15:10:33,28.83,143.7,44.33,14.23,3.67,71.18,100,19.08%,正常
PM_028,2024-11-06 15:20:33,31.72,115.72,60.96,11.81,4.63,84.11,100,2.14%,正常
PM_028,2024-11-06 15:30:33,31.23,120.02,51.95,9.8,4.36,79.1,100,30.67%,正常
PM_028,2024-11-06 15:40:33,44.81,146.82,58.06,8.6,2.84,82.18,100,91.78%,效率降低
PM_028,2024-11-06 15:50:33,40.17,123.6,33.64,8.34,3.57,65.87,100,24.52%,正常
PM_029,2024-11-06 12:00:33,30.09,58.95,66.22,7.64,4.98,84.07,40,52.08%,正常
PM_029,2024-11-06 12:10:33,39.44,144.99,59.58,9.28,3.87,81.96,40,76.58%,轴承损坏
PM_029,2024-11-06 12:20:33,38.1,149.16,44.23,6.89,4.46,71.28,40,16.11%,正常
PM_029,2024-11-06 12:30:33,36.12,129.24,42.52,14.13,2.13,66.18,40,7.31%,正常
PM_029,2024-11-06 12:40:33,40.05,146.05,46.88,9.74,2.66,75.89,40,6.24%,正常
PM_029,2024-11-06 12:50:33,42.26,61.7,68.13,11.78,4.22,85.0,40,93.51%,效率降低
PM_029,2024-11-06 13:00:33,32.31,97.0,69.45,10.96,3.47,76.05,40,8.38%,正常
PM_029,2024-11-06 13:10:33,29.16,83.82,36.17,10.76,4.62,82.49,40,96.22%,叶轮损坏
PM_029,2024-11-06 13:20:33,20.66,74.0,47.27,14.97,4.25,72.09,40,73.26%,正常
PM_029,2024-11-06 13:30:33,20.95,86.13,51.83,12.66,2.32,72.69,40,20.77%,正常
PM_029,2024-11-06 13:40:33,27.75,117.38,60.47,13.88,3.22,81.81,40,55.99%,正常
PM_029,2024-11-06 13:50:33,32.08,95.56,67.24,14.14,4.43,83.43,40,36.97%,正常
PM_029,2024-11-06 14:00:33,36.29,88.66,55.99,14.72,3.31,66.92,40,9.33%,正常
PM_029,2024-11-06 14:10:33,23.91,132.62,48.85,7.15,3.6,73.77,40,20.15%,正常
PM_029,2024-11-06 14:20:33,34.58,106.5,37.83,12.48,3.56,73.93,40,75.16%,密封泄漏
PM_029,2024-11-06 14:30:33,29.29,64.89,39.57,11.51,3.05,68.36,40,79.82%,电机过热
PM_029,2024-11-06 14:40:33,28.1,52.01,52.81,9.52,3.54,79.33,40,94.72%,效率降低
PM_029,2024-11-06 14:50:33,22.83,106.23,33.12,6.92,3.24,76.95,40,29.94%,正常
PM_029,2024-11-06 15:00:33,43.29,122.44,45.28,10.85,2.55,69.25,40,7.89%,正常
PM_029,2024-11-06 15:10:33,39.99,114.63,62.16,7.31,2.69,71.74,40,59.03%,正常
PM_029,2024-11-06 15:20:33,33.04,142.75,40.59,9.51,2.13,81.07,40,79.82%,轴承损坏
PM_029,2024-11-06 15:30:33,21.1,118.0,66.98,14.36,3.27,67.83,40,20.73%,正常
PM_029,2024-11-06 15:40:33,30.27,97.85,69.83,5.27,3.89,78.0,40,69.72%,正常
PM_029,2024-11-06 15:50:33,30.05,143.82,69.68,9.72,3.83,78.94,40,9.49%,正常
PM_030,2024-11-06 12:00:33,40.18,62.95,30.81,9.84,4.87,80.32,200,81.03%,噪音异常
PM_030,2024-11-06 12:10:33,33.25,136.26,56.72,10.23,4.55,84.07,200,10.88%,正常
PM_030,2024-11-06 12:20:33,41.3,135.34,68.67,12.39,2.45,67.49,200,29.85%,正常
PM_030,2024-11-06 12:30:33,30.54,81.12,51.15,5.19,4.68,69.84,200,43.68%,正常
PM_030,2024-11-06 12:40:33,28.52,66.73,42.11,9.32,2.87,65.68,200,34.01%,正常
PM_030,2024-11-06 12:50:33,29.03,76.09,42.88,12.4,4.44,68.3,200,55.40%,正常
PM_030,2024-11-06 13:00:33,38.92,101.11,55.9,10.21,3.99,67.6,200,46.03%,正常
PM_030,2024-11-06 13:10:33,26.03,54.4,61.74,9.79,2.56,71.49,200,53.05%,正常
PM_030,2024-11-06 13:20:33,38.79,112.09,65.67,9.98,3.58,66.94,200,52.30%,正常
PM_030,2024-11-06 13:30:33,30.72,57.2,31.02,7.05,3.25,83.27,200,64.21%,正常
PM_030,2024-11-06 13:40:33,25.33,125.76,46.42,13.84,2.63,71.29,200,51.50%,正常
PM_030,2024-11-06 13:50:33,28.56,62.78,50.1,14.96,2.2,81.0,200,12.46%,正常
PM_030,2024-11-06 14:00:33,39.56,136.28,35.64,7.72,3.45,78.74,200,25.75%,正常
PM_030,2024-11-06 14:10:33,20.25,63.0,55.52,6.32,3.15,67.45,200,41.18%,正常
PM_030,2024-11-06 14:20:33,37.59,60.1,68.03,9.63,3.41,84.88,200,93.71%,振动异常
PM_030,2024-11-06 14:30:33,25.7,137.62,35.62,8.92,3.63,65.45,200,73.03%,正常
PM_030,2024-11-06 14:40:33,44.08,104.11,52.42,11.06,3.31,69.48,200,78.48%,效率降低
PM_030,2024-11-06 14:50:33,24.27,63.49,47.84,14.13,2.75,76.24,200,44.11%,正常
PM_030,2024-11-06 15:00:33,26.21,57.94,32.3,12.12,3.3,79.94,200,0.50%,正常
PM_030,2024-11-06 15:10:33,27.55,82.55,40.86,10.47,3.33,67.03,200,60.23%,正常
PM_030,2024-11-06 15:20:33,38.28,63.87,38.26,8.64,4.55,73.07,200,27.50%,正常
PM_030,2024-11-06 15:30:33,31.35,73.31,54.26,8.11,4.56,74.9,200,79.60%,轴承磨损
PM_030,2024-11-06 15:40:33,40.09,94.78,56.39,8.95,2.7,65.09,200,71.89%,正常
PM_030,2024-11-06 15:50:33,38.82,116.01,63.06,14.97,2.96,73.94,200,70.81%,正常
