device_id,timestamp,pipe_stage,pipe_age,pipe_diameter,pipe_length,pipe_pressure,flux,bury_depth,caliber,fault_probability,fault_type
PP_001,2024-11-06 12:00:33,5,8.48,50,4.21,3.76,5.47,1.63,50,54.08%,正常
PP_001,2024-11-06 12:10:33,2,8.44,50,5.24,3.03,11.47,1.59,50,88.63%,腐蚀
PP_001,2024-11-06 12:20:33,5,11.01,50,7.59,2.58,2.41,1.6,50,93.26%,管道破裂
PP_001,2024-11-06 12:30:33,7,4.56,50,3.71,3.06,4.19,1.75,50,61.28%,正常
PP_001,2024-11-06 12:40:33,6,7.5,50,5.57,2.01,2.84,1.22,50,99.99%,管道破裂
PP_001,2024-11-06 12:50:33,2,14.77,50,5.04,2.37,14.85,1.65,50,80.86%,漏水
PP_001,2024-11-06 13:00:33,4,14.75,50,2.85,2.85,9.57,1.63,50,5.84%,正常
PP_001,2024-11-06 13:10:33,7,2.43,50,6.29,3.25,6.39,1.26,50,16.23%,正常
PP_001,2024-11-06 13:20:33,7,5.48,50,6.12,3.05,8.03,1.51,50,89.51%,管道破裂
PP_001,2024-11-06 13:30:33,5,6.92,50,3.29,3.33,13.39,1.58,50,29.54%,正常
PP_001,2024-11-06 13:40:33,1,8.68,50,6.0,2.44,7.31,1.34,50,5.11%,正常
PP_001,2024-11-06 13:50:33,7,3.09,50,2.61,2.73,7.07,1.8,50,1.24%,正常
PP_001,2024-11-06 14:00:33,4,11.07,50,3.69,3.98,8.85,1.33,50,99.48%,漏水
PP_001,2024-11-06 14:10:33,4,2.47,50,5.14,2.32,11.43,1.7,50,96.64%,管道破裂
PP_001,2024-11-06 14:20:33,2,10.29,50,2.91,3.85,2.97,1.3,50,92.76%,腐蚀
PP_001,2024-11-06 14:30:33,1,11.78,50,7.06,2.61,6.45,1.3,50,45.17%,正常
PP_001,2024-11-06 14:40:33,5,2.92,50,3.86,3.65,3.04,1.63,50,31.54%,正常
PP_001,2024-11-06 14:50:33,7,4.88,50,4.18,3.95,4.9,1.43,50,51.71%,正常
PP_001,2024-11-06 15:00:33,5,10.17,50,2.2,2.91,6.74,1.34,50,40.37%,正常
PP_001,2024-11-06 15:10:33,6,10.73,50,6.82,2.27,9.94,1.55,50,45.68%,正常
PP_001,2024-11-06 15:20:33,2,3.61,50,2.9,2.0,2.77,1.33,50,57.97%,正常
PP_001,2024-11-06 15:30:33,4,8.09,50,2.75,2.13,9.52,1.71,50,22.30%,正常
PP_001,2024-11-06 15:40:33,5,14.26,50,2.24,3.03,4.68,1.49,50,68.73%,正常
PP_001,2024-11-06 15:50:33,1,4.86,50,5.19,2.24,6.41,1.42,50,63.66%,正常
PP_002,2024-11-06 12:00:33,5,6.21,300,7.14,3.79,6.52,1.44,300,88.40%,水质问题
PP_002,2024-11-06 12:10:33,1,8.64,300,7.4,3.71,10.82,1.36,300,32.57%,正常
PP_002,2024-11-06 12:20:33,5,4.2,300,2.72,2.11,14.99,1.69,300,90.04%,水质问题
PP_002,2024-11-06 12:30:33,7,8.46,300,3.07,2.62,12.13,1.77,300,12.09%,正常
PP_002,2024-11-06 12:40:33,1,3.84,300,7.2,2.45,14.36,1.37,300,28.93%,正常
PP_002,2024-11-06 12:50:33,4,2.76,300,4.9,3.04,9.76,1.73,300,5.31%,正常
PP_002,2024-11-06 13:00:33,1,9.89,300,7.71,3.49,5.28,1.44,300,72.77%,正常
PP_002,2024-11-06 13:10:33,5,11.03,300,5.6,2.64,9.4,1.27,300,38.43%,正常
PP_002,2024-11-06 13:20:33,6,5.85,300,3.77,3.34,11.62,1.72,300,25.68%,正常
PP_002,2024-11-06 13:30:33,5,14.96,300,3.08,3.4,11.17,1.73,300,12.92%,正常
PP_002,2024-11-06 13:40:33,2,10.52,300,2.98,3.03,10.02,1.44,300,92.25%,腐蚀
PP_002,2024-11-06 13:50:33,7,7.63,300,2.4,3.39,13.52,1.36,300,43.84%,正常
PP_002,2024-11-06 14:00:33,5,4.54,300,5.78,3.15,2.83,1.6,300,45.77%,正常
PP_002,2024-11-06 14:10:33,3,14.6,300,7.71,2.83,14.22,1.6,300,8.12%,正常
PP_002,2024-11-06 14:20:33,1,2.6,300,7.94,2.28,11.3,1.62,300,54.30%,正常
PP_002,2024-11-06 14:30:33,4,4.21,300,6.29,2.54,11.9,1.38,300,28.02%,正常
PP_002,2024-11-06 14:40:33,5,9.2,300,5.3,2.05,12.94,1.39,300,16.16%,正常
PP_002,2024-11-06 14:50:33,5,11.22,300,4.87,3.36,10.58,1.77,300,93.75%,水质问题
PP_002,2024-11-06 15:00:33,4,6.54,300,3.07,3.65,2.95,1.53,300,90.86%,腐蚀
PP_002,2024-11-06 15:10:33,3,8.52,300,2.62,3.73,9.64,1.77,300,98.73%,管道破裂
PP_002,2024-11-06 15:20:33,7,5.4,300,3.13,2.94,8.43,1.73,300,32.32%,正常
PP_002,2024-11-06 15:30:33,1,8.13,300,3.7,2.13,8.04,1.34,300,37.32%,正常
PP_002,2024-11-06 15:40:33,4,10.5,300,7.94,3.66,14.31,1.66,300,25.69%,正常
PP_002,2024-11-06 15:50:33,2,7.89,300,2.23,3.65,7.25,1.25,300,13.74%,正常
PP_003,2024-11-06 12:00:33,2,6.24,150,4.69,3.18,4.41,1.73,150,61.92%,正常
PP_003,2024-11-06 12:10:33,1,14.0,150,3.43,3.29,10.47,1.23,150,70.89%,正常
PP_003,2024-11-06 12:20:33,3,13.28,150,7.31,3.66,4.67,1.75,150,95.16%,水质问题
PP_003,2024-11-06 12:30:33,3,5.05,150,6.86,2.99,8.11,1.73,150,87.17%,漏水
PP_003,2024-11-06 12:40:33,6,3.61,150,2.23,3.92,11.86,1.49,150,27.62%,正常
PP_003,2024-11-06 12:50:33,3,12.62,150,2.2,2.63,14.09,1.35,150,31.61%,正常
PP_003,2024-11-06 13:00:33,2,13.61,150,6.17,3.31,10.37,1.67,150,35.15%,正常
PP_003,2024-11-06 13:10:33,5,4.86,150,7.23,2.03,7.3,1.37,150,95.69%,漏水
PP_003,2024-11-06 13:20:33,2,14.38,150,2.54,2.82,9.04,1.41,150,33.31%,正常
PP_003,2024-11-06 13:30:33,4,7.12,150,5.81,3.28,13.3,1.26,150,77.23%,堵塞
PP_003,2024-11-06 13:40:33,3,5.07,150,2.62,3.3,2.94,1.76,150,57.03%,正常
PP_003,2024-11-06 13:50:33,5,12.22,150,5.35,3.28,3.52,1.34,150,30.67%,正常
PP_003,2024-11-06 14:00:33,1,6.7,150,3.16,3.57,5.83,1.28,150,26.78%,正常
PP_003,2024-11-06 14:10:33,2,5.55,150,5.24,2.98,4.2,1.43,150,70.82%,正常
PP_003,2024-11-06 14:20:33,1,14.24,150,3.05,3.18,10.28,1.34,150,77.66%,腐蚀
PP_003,2024-11-06 14:30:33,3,7.54,150,4.94,3.2,13.07,1.77,150,53.66%,正常
PP_003,2024-11-06 14:40:33,2,9.03,150,5.92,2.17,11.28,1.56,150,48.75%,正常
PP_003,2024-11-06 14:50:33,4,14.02,150,6.9,3.14,13.47,1.68,150,72.58%,正常
PP_003,2024-11-06 15:00:33,4,7.18,150,4.3,2.46,13.75,1.42,150,13.81%,正常
PP_003,2024-11-06 15:10:33,3,7.99,150,5.01,2.29,6.11,1.34,150,22.78%,正常
PP_003,2024-11-06 15:20:33,7,10.0,150,7.84,3.71,6.21,1.28,150,67.70%,正常
PP_003,2024-11-06 15:30:33,2,6.8,150,7.29,3.85,2.55,1.47,150,11.17%,正常
PP_003,2024-11-06 15:40:33,4,5.14,150,2.91,3.67,12.75,1.28,150,60.38%,正常
PP_003,2024-11-06 15:50:33,7,4.0,150,4.46,3.1,6.56,1.34,150,89.75%,堵塞
PP_004,2024-11-06 12:00:33,5,6.4,150,3.05,2.44,8.73,1.66,150,77.18%,腐蚀
PP_004,2024-11-06 12:10:33,5,3.18,150,7.52,2.96,5.69,1.78,150,44.42%,正常
PP_004,2024-11-06 12:20:33,3,8.77,150,6.89,2.94,6.54,1.21,150,88.38%,腐蚀
PP_004,2024-11-06 12:30:33,6,8.92,150,2.86,3.14,12.83,1.37,150,19.17%,正常
PP_004,2024-11-06 12:40:33,5,9.52,150,7.92,2.73,6.52,1.41,150,63.25%,正常
PP_004,2024-11-06 12:50:33,2,9.8,150,3.86,3.34,6.45,1.53,150,37.54%,正常
PP_004,2024-11-06 13:00:33,1,3.67,150,3.02,3.63,14.46,1.55,150,95.32%,管道破裂
PP_004,2024-11-06 13:10:33,4,2.6,150,3.26,3.85,6.46,1.65,150,9.67%,正常
PP_004,2024-11-06 13:20:33,7,2.88,150,3.67,3.46,13.49,1.53,150,90.39%,漏水
PP_004,2024-11-06 13:30:33,1,13.62,150,2.86,2.43,10.83,1.61,150,12.73%,正常
PP_004,2024-11-06 13:40:33,6,2.68,150,7.27,2.49,7.21,1.77,150,30.26%,正常
PP_004,2024-11-06 13:50:33,2,4.26,150,7.41,3.89,13.94,1.57,150,32.16%,正常
PP_004,2024-11-06 14:00:33,2,7.47,150,3.59,3.5,13.22,1.36,150,23.08%,正常
PP_004,2024-11-06 14:10:33,1,3.18,150,7.36,3.24,8.3,1.52,150,7.46%,正常
PP_004,2024-11-06 14:20:33,3,14.21,150,3.16,2.52,11.0,1.45,150,87.22%,堵塞
PP_004,2024-11-06 14:30:33,6,6.82,150,2.28,3.19,14.49,1.57,150,91.22%,水质问题
PP_004,2024-11-06 14:40:33,2,10.59,150,5.23,2.98,14.18,1.58,150,89.65%,漏水
PP_004,2024-11-06 14:50:33,3,7.51,150,7.4,3.73,11.48,1.56,150,50.71%,正常
PP_004,2024-11-06 15:00:33,3,7.54,150,4.65,3.04,2.81,1.34,150,93.69%,漏水
PP_004,2024-11-06 15:10:33,1,2.71,150,7.35,2.04,11.11,1.35,150,23.28%,正常
PP_004,2024-11-06 15:20:33,6,2.7,150,5.12,3.33,5.54,1.68,150,24.34%,正常
PP_004,2024-11-06 15:30:33,5,4.93,150,7.22,2.09,12.25,1.59,150,43.61%,正常
PP_004,2024-11-06 15:40:33,5,4.97,150,3.93,3.54,11.22,1.31,150,6.01%,正常
PP_004,2024-11-06 15:50:33,3,7.52,150,4.89,3.11,14.14,1.59,150,76.37%,水质问题
PP_005,2024-11-06 12:00:33,1,2.31,300,2.57,2.23,12.73,1.2,300,53.59%,正常
PP_005,2024-11-06 12:10:33,3,6.91,300,3.47,3.9,4.27,1.53,300,35.29%,正常
PP_005,2024-11-06 12:20:33,7,8.58,300,2.74,2.09,3.77,1.48,300,2.24%,正常
PP_005,2024-11-06 12:30:33,7,2.81,300,4.99,2.41,5.09,1.78,300,40.88%,正常
PP_005,2024-11-06 12:40:33,7,14.69,300,2.43,3.67,7.99,1.3,300,68.61%,正常
PP_005,2024-11-06 12:50:33,1,11.07,300,7.59,3.41,3.28,1.4,300,10.37%,正常
PP_005,2024-11-06 13:00:33,7,3.69,300,3.23,3.12,13.3,1.36,300,10.29%,正常
PP_005,2024-11-06 13:10:33,3,14.83,300,3.07,3.55,14.81,1.63,300,34.12%,正常
PP_005,2024-11-06 13:20:33,1,8.88,300,6.12,3.84,2.73,1.39,300,40.32%,正常
PP_005,2024-11-06 13:30:33,5,2.48,300,2.19,2.37,13.16,1.58,300,44.39%,正常
PP_005,2024-11-06 13:40:33,1,8.1,300,5.68,3.16,11.7,1.69,300,35.37%,正常
PP_005,2024-11-06 13:50:33,2,4.91,300,6.49,2.26,7.14,1.77,300,38.10%,正常
PP_005,2024-11-06 14:00:33,2,8.51,300,6.21,3.16,11.53,1.32,300,42.23%,正常
PP_005,2024-11-06 14:10:33,4,2.23,300,2.57,3.08,7.22,1.52,300,53.68%,正常
PP_005,2024-11-06 14:20:33,7,14.66,300,3.95,3.99,4.01,1.47,300,69.20%,正常
PP_005,2024-11-06 14:30:33,3,4.15,300,5.3,2.94,3.98,1.68,300,90.59%,漏水
PP_005,2024-11-06 14:40:33,2,5.67,300,4.33,2.27,11.78,1.3,300,2.18%,正常
PP_005,2024-11-06 14:50:33,1,10.98,300,2.57,2.36,8.28,1.49,300,31.45%,正常
PP_005,2024-11-06 15:00:33,5,4.67,300,6.05,3.17,13.34,1.66,300,42.40%,正常
PP_005,2024-11-06 15:10:33,2,9.28,300,4.85,2.32,10.95,1.31,300,57.68%,正常
PP_005,2024-11-06 15:20:33,5,2.38,300,4.42,3.63,10.72,1.62,300,67.86%,正常
PP_005,2024-11-06 15:30:33,4,2.65,300,7.58,3.24,5.67,1.54,300,44.57%,正常
PP_005,2024-11-06 15:40:33,3,7.45,300,3.31,3.87,3.61,1.49,300,75.16%,腐蚀
PP_005,2024-11-06 15:50:33,2,3.88,300,5.64,3.96,11.13,1.75,300,64.14%,正常
PP_006,2024-11-06 12:00:33,4,10.78,300,7.38,2.59,5.0,1.25,300,50.11%,正常
PP_006,2024-11-06 12:10:33,6,3.05,300,3.82,3.27,3.78,1.56,300,32.41%,正常
PP_006,2024-11-06 12:20:33,6,13.16,300,3.51,2.92,6.24,1.66,300,78.92%,管道破裂
PP_006,2024-11-06 12:30:33,5,11.83,300,5.28,2.84,11.83,1.54,300,68.73%,正常
PP_006,2024-11-06 12:40:33,5,6.75,300,6.19,2.95,10.41,1.33,300,2.32%,正常
PP_006,2024-11-06 12:50:33,5,11.8,300,6.99,3.43,4.43,1.68,300,12.81%,正常
PP_006,2024-11-06 13:00:33,4,2.92,300,4.37,2.6,6.7,1.37,300,55.77%,正常
PP_006,2024-11-06 13:10:33,4,6.1,300,3.08,2.43,7.95,1.76,300,32.39%,正常
PP_006,2024-11-06 13:20:33,3,7.71,300,5.14,3.15,6.24,1.35,300,9.06%,正常
PP_006,2024-11-06 13:30:33,2,14.78,300,3.56,3.91,12.29,1.43,300,18.59%,正常
PP_006,2024-11-06 13:40:33,7,13.56,300,2.64,3.2,14.93,1.7,300,53.91%,正常
PP_006,2024-11-06 13:50:33,5,9.41,300,7.27,2.2,12.86,1.61,300,72.18%,正常
PP_006,2024-11-06 14:00:33,5,14.91,300,7.14,2.55,2.91,1.48,300,47.27%,正常
PP_006,2024-11-06 14:10:33,2,10.94,300,3.83,2.61,8.09,1.72,300,17.02%,正常
PP_006,2024-11-06 14:20:33,6,3.23,300,7.11,3.02,9.97,1.66,300,37.29%,正常
PP_006,2024-11-06 14:30:33,3,13.18,300,6.82,3.4,5.26,1.76,300,9.66%,正常
PP_006,2024-11-06 14:40:33,2,13.71,300,3.97,3.29,4.86,1.35,300,2.09%,正常
PP_006,2024-11-06 14:50:33,3,6.36,300,7.38,2.76,6.24,1.69,300,79.45%,水质问题
PP_006,2024-11-06 15:00:33,2,5.09,300,2.72,2.11,2.13,1.57,300,36.39%,正常
PP_006,2024-11-06 15:10:33,1,2.45,300,4.04,3.82,7.88,1.7,300,25.66%,正常
PP_006,2024-11-06 15:20:33,5,14.57,300,5.29,3.15,9.75,1.7,300,33.75%,正常
PP_006,2024-11-06 15:30:33,5,5.74,300,3.33,2.67,7.31,1.4,300,89.73%,管道破裂
PP_006,2024-11-06 15:40:33,6,11.78,300,4.0,3.57,7.62,1.54,300,45.06%,正常
PP_006,2024-11-06 15:50:33,2,7.67,300,4.23,2.26,10.4,1.68,300,62.38%,正常
PP_007,2024-11-06 12:00:33,1,4.81,150,5.48,2.56,12.55,1.31,150,44.01%,正常
PP_007,2024-11-06 12:10:33,2,12.02,150,4.03,3.49,6.93,1.67,150,7.43%,正常
PP_007,2024-11-06 12:20:33,1,2.11,150,3.01,2.0,13.15,1.74,150,81.34%,腐蚀
PP_007,2024-11-06 12:30:33,1,11.98,150,3.88,3.39,13.0,1.57,150,38.78%,正常
PP_007,2024-11-06 12:40:33,4,9.39,150,6.43,3.77,11.15,1.23,150,28.92%,正常
PP_007,2024-11-06 12:50:33,7,10.98,150,2.17,3.03,8.41,1.5,150,3.58%,正常
PP_007,2024-11-06 13:00:33,2,12.72,150,7.63,3.94,12.83,1.78,150,45.19%,正常
PP_007,2024-11-06 13:10:33,2,2.24,150,4.67,3.7,10.3,1.37,150,97.78%,管道破裂
PP_007,2024-11-06 13:20:33,4,3.62,150,5.57,2.55,5.65,1.2,150,34.41%,正常
PP_007,2024-11-06 13:30:33,6,4.76,150,6.16,2.66,9.29,1.3,150,7.36%,正常
PP_007,2024-11-06 13:40:33,1,4.86,150,5.02,2.54,7.34,1.58,150,1.56%,正常
PP_007,2024-11-06 13:50:33,2,14.93,150,6.3,2.62,11.45,1.41,150,57.14%,正常
PP_007,2024-11-06 14:00:33,4,11.81,150,3.96,3.48,8.76,1.8,150,24.65%,正常
PP_007,2024-11-06 14:10:33,1,4.41,150,6.59,3.17,7.43,1.38,150,29.35%,正常
PP_007,2024-11-06 14:20:33,4,2.42,150,7.11,2.98,13.58,1.29,150,23.40%,正常
PP_007,2024-11-06 14:30:33,4,5.75,150,6.29,2.73,11.82,1.24,150,91.96%,腐蚀
PP_007,2024-11-06 14:40:33,4,7.74,150,5.97,2.34,4.84,1.54,150,20.20%,正常
PP_007,2024-11-06 14:50:33,2,14.35,150,7.13,2.24,14.02,1.58,150,85.33%,腐蚀
PP_007,2024-11-06 15:00:33,5,13.25,150,6.68,3.58,11.15,1.74,150,34.42%,正常
PP_007,2024-11-06 15:10:33,1,9.59,150,7.89,3.13,7.68,1.22,150,19.41%,正常
PP_007,2024-11-06 15:20:33,5,10.35,150,7.42,3.78,8.1,1.58,150,78.60%,腐蚀
PP_007,2024-11-06 15:30:33,2,11.08,150,6.17,2.76,12.5,1.69,150,12.55%,正常
PP_007,2024-11-06 15:40:33,6,6.53,150,7.92,2.22,8.18,1.62,150,50.05%,正常
PP_007,2024-11-06 15:50:33,3,5.4,150,6.33,3.62,5.93,1.56,150,72.72%,正常
PP_008,2024-11-06 12:00:33,1,7.69,50,2.7,3.81,7.01,1.34,50,30.44%,正常
PP_008,2024-11-06 12:10:33,1,10.79,50,7.76,3.62,6.0,1.66,50,5.58%,正常
PP_008,2024-11-06 12:20:33,4,7.03,50,6.61,3.91,8.36,1.51,50,85.15%,漏水
PP_008,2024-11-06 12:30:33,1,6.83,50,2.08,2.82,14.52,1.21,50,66.11%,正常
PP_008,2024-11-06 12:40:33,4,12.89,50,6.2,2.35,5.67,1.49,50,23.41%,正常
PP_008,2024-11-06 12:50:33,2,2.09,50,4.53,2.13,6.17,1.28,50,0.11%,正常
PP_008,2024-11-06 13:00:33,2,11.11,50,2.71,3.54,14.17,1.6,50,30.84%,正常
PP_008,2024-11-06 13:10:33,4,12.91,50,4.83,2.72,12.75,1.34,50,56.60%,正常
PP_008,2024-11-06 13:20:33,5,14.14,50,5.82,2.31,12.69,1.32,50,41.80%,正常
PP_008,2024-11-06 13:30:33,2,13.13,50,4.24,2.57,12.45,1.47,50,51.15%,正常
PP_008,2024-11-06 13:40:33,6,9.46,50,5.42,3.93,9.56,1.21,50,83.09%,漏水
PP_008,2024-11-06 13:50:33,3,10.55,50,4.25,2.84,9.87,1.41,50,76.46%,漏水
PP_008,2024-11-06 14:00:33,2,2.94,50,4.32,3.37,9.05,1.44,50,86.73%,水质问题
PP_008,2024-11-06 14:10:33,7,3.5,50,4.66,2.66,5.38,1.46,50,5.20%,正常
PP_008,2024-11-06 14:20:33,6,12.57,50,5.92,2.39,3.21,1.68,50,78.96%,堵塞
PP_008,2024-11-06 14:30:33,5,3.96,50,5.85,2.3,4.45,1.67,50,22.47%,正常
PP_008,2024-11-06 14:40:33,4,9.21,50,7.73,3.97,13.25,1.6,50,4.51%,正常
PP_008,2024-11-06 14:50:33,2,9.1,50,4.58,3.52,7.1,1.28,50,15.97%,正常
PP_008,2024-11-06 15:00:33,2,14.95,50,5.12,2.7,13.54,1.3,50,16.36%,正常
PP_008,2024-11-06 15:10:33,7,4.96,50,2.81,3.46,4.21,1.78,50,3.37%,正常
PP_008,2024-11-06 15:20:33,7,2.19,50,6.35,3.23,13.3,1.68,50,34.29%,正常
PP_008,2024-11-06 15:30:33,7,11.21,50,2.05,2.6,14.8,1.71,50,28.90%,正常
PP_008,2024-11-06 15:40:33,1,9.03,50,3.58,2.71,14.34,1.73,50,93.54%,管道破裂
PP_008,2024-11-06 15:50:33,1,14.58,50,5.41,2.81,10.86,1.75,50,22.82%,正常
PP_009,2024-11-06 12:00:33,3,8.29,50,6.19,2.36,2.23,1.44,50,80.16%,堵塞
PP_009,2024-11-06 12:10:33,6,2.1,50,5.81,2.26,12.59,1.34,50,4.59%,正常
PP_009,2024-11-06 12:20:33,3,2.68,50,4.58,3.93,14.34,1.48,50,82.84%,水质问题
PP_009,2024-11-06 12:30:33,2,8.18,50,5.27,3.95,2.59,1.22,50,90.30%,管道破裂
PP_009,2024-11-06 12:40:33,3,4.14,50,4.39,3.51,14.95,1.36,50,29.28%,正常
PP_009,2024-11-06 12:50:33,6,4.8,50,6.42,3.48,2.9,1.8,50,13.79%,正常
PP_009,2024-11-06 13:00:33,5,6.97,50,7.79,2.52,7.27,1.58,50,64.50%,正常
PP_009,2024-11-06 13:10:33,5,2.4,50,5.74,2.73,2.96,1.54,50,15.32%,正常
PP_009,2024-11-06 13:20:33,1,3.05,50,5.08,3.02,3.65,1.73,50,73.19%,正常
PP_009,2024-11-06 13:30:33,4,2.23,50,2.67,3.75,4.8,1.4,50,44.81%,正常
PP_009,2024-11-06 13:40:33,4,7.68,50,7.91,3.62,7.24,1.49,50,25.32%,正常
PP_009,2024-11-06 13:50:33,3,2.04,50,4.73,2.8,14.34,1.5,50,73.59%,正常
PP_009,2024-11-06 14:00:33,3,12.81,50,3.42,3.21,3.48,1.4,50,15.15%,正常
PP_009,2024-11-06 14:10:33,7,13.84,50,5.8,3.23,3.06,1.71,50,24.59%,正常
PP_009,2024-11-06 14:20:33,6,14.01,50,5.19,2.36,10.34,1.53,50,72.73%,正常
PP_009,2024-11-06 14:30:33,1,13.35,50,2.73,2.37,13.99,1.4,50,55.37%,正常
PP_009,2024-11-06 14:40:33,4,2.92,50,6.22,3.25,9.98,1.76,50,10.01%,正常
PP_009,2024-11-06 14:50:33,1,5.77,50,6.61,3.33,7.49,1.31,50,31.26%,正常
PP_009,2024-11-06 15:00:33,5,9.61,50,4.91,2.22,13.55,1.44,50,98.74%,漏水
PP_009,2024-11-06 15:10:33,6,14.25,50,4.76,2.43,12.36,1.27,50,53.12%,正常
PP_009,2024-11-06 15:20:33,1,11.73,50,6.28,2.19,6.07,1.37,50,63.93%,正常
PP_009,2024-11-06 15:30:33,4,9.7,50,6.44,3.19,14.43,1.33,50,0.68%,正常
PP_009,2024-11-06 15:40:33,3,13.57,50,6.84,2.29,14.15,1.61,50,86.16%,管道破裂
PP_009,2024-11-06 15:50:33,4,5.49,50,7.43,2.85,2.05,1.72,50,13.77%,正常
PP_010,2024-11-06 12:00:33,4,2.62,300,2.13,3.04,4.35,1.77,300,6.68%,正常
PP_010,2024-11-06 12:10:33,3,5.86,300,3.59,2.07,11.78,1.74,300,74.90%,正常
PP_010,2024-11-06 12:20:33,5,14.92,300,7.89,2.16,6.96,1.7,300,92.39%,腐蚀
PP_010,2024-11-06 12:30:33,3,12.99,300,4.43,3.19,4.53,1.56,300,96.08%,管道破裂
PP_010,2024-11-06 12:40:33,6,13.04,300,5.07,2.25,6.36,1.28,300,12.80%,正常
PP_010,2024-11-06 12:50:33,1,8.91,300,2.11,2.56,11.8,1.22,300,96.52%,腐蚀
PP_010,2024-11-06 13:00:33,1,4.84,300,2.14,2.89,13.34,1.55,300,8.26%,正常
PP_010,2024-11-06 13:10:33,2,2.76,300,5.21,2.52,13.38,1.33,300,13.35%,正常
PP_010,2024-11-06 13:20:33,1,6.9,300,4.86,2.79,4.6,1.29,300,19.82%,正常
PP_010,2024-11-06 13:30:33,7,13.91,300,5.14,2.65,9.07,1.29,300,87.70%,堵塞
PP_010,2024-11-06 13:40:33,3,3.07,300,5.6,2.93,5.82,1.39,300,98.99%,漏水
PP_010,2024-11-06 13:50:33,7,12.28,300,2.69,3.99,4.29,1.47,300,72.06%,正常
PP_010,2024-11-06 14:00:33,3,7.53,300,5.01,2.15,3.3,1.21,300,79.70%,漏水
PP_010,2024-11-06 14:10:33,2,10.07,300,3.57,2.57,7.89,1.54,300,56.85%,正常
PP_010,2024-11-06 14:20:33,3,12.77,300,2.16,3.61,3.47,1.27,300,12.35%,正常
PP_010,2024-11-06 14:30:33,1,14.48,300,7.03,3.98,3.11,1.71,300,55.33%,正常
PP_010,2024-11-06 14:40:33,7,11.77,300,7.5,3.94,7.83,1.66,300,15.19%,正常
PP_010,2024-11-06 14:50:33,7,2.85,300,7.74,2.41,2.94,1.5,300,43.32%,正常
PP_010,2024-11-06 15:00:33,2,5.15,300,6.06,3.19,5.89,1.48,300,49.66%,正常
PP_010,2024-11-06 15:10:33,4,5.72,300,2.31,2.28,9.71,1.71,300,12.00%,正常
PP_010,2024-11-06 15:20:33,1,7.48,300,5.14,2.35,7.63,1.38,300,22.41%,正常
PP_010,2024-11-06 15:30:33,2,6.28,300,6.49,2.46,3.97,1.44,300,81.14%,堵塞
PP_010,2024-11-06 15:40:33,4,11.24,300,4.82,3.91,11.88,1.57,300,75.05%,水质问题
PP_010,2024-11-06 15:50:33,2,2.05,300,4.3,2.85,5.3,1.26,300,26.75%,正常
PP_011,2024-11-06 12:00:33,4,10.89,50,7.62,3.12,9.91,1.55,50,49.03%,正常
PP_011,2024-11-06 12:10:33,2,6.19,50,2.89,3.03,3.18,1.35,50,0.41%,正常
PP_011,2024-11-06 12:20:33,1,12.11,50,6.09,2.15,2.86,1.7,50,17.48%,正常
PP_011,2024-11-06 12:30:33,6,2.95,50,2.67,2.55,5.89,1.79,50,33.28%,正常
PP_011,2024-11-06 12:40:33,4,9.73,50,7.23,2.42,5.11,1.54,50,50.95%,正常
PP_011,2024-11-06 12:50:33,6,12.6,50,4.43,3.83,11.11,1.63,50,87.59%,堵塞
PP_011,2024-11-06 13:00:33,7,8.2,50,4.03,3.81,7.91,1.36,50,19.53%,正常
PP_011,2024-11-06 13:10:33,3,11.39,50,7.46,3.7,4.12,1.58,50,60.12%,正常
PP_011,2024-11-06 13:20:33,6,13.52,50,7.03,2.4,14.9,1.77,50,77.46%,水质问题
PP_011,2024-11-06 13:30:33,1,7.92,50,3.43,3.69,13.84,1.66,50,76.40%,堵塞
PP_011,2024-11-06 13:40:33,7,3.13,50,7.12,2.13,13.33,1.42,50,27.53%,正常
PP_011,2024-11-06 13:50:33,7,7.0,50,2.8,2.02,8.01,1.52,50,39.28%,正常
PP_011,2024-11-06 14:00:33,2,14.82,50,4.71,3.29,13.82,1.77,50,35.18%,正常
PP_011,2024-11-06 14:10:33,4,10.1,50,5.49,3.97,8.74,1.52,50,70.09%,正常
PP_011,2024-11-06 14:20:33,4,2.61,50,5.68,3.08,11.73,1.36,50,50.82%,正常
PP_011,2024-11-06 14:30:33,4,3.21,50,6.21,3.42,5.22,1.73,50,48.58%,正常
PP_011,2024-11-06 14:40:33,7,6.69,50,4.19,3.26,14.68,1.71,50,72.14%,正常
PP_011,2024-11-06 14:50:33,4,5.91,50,6.56,2.17,6.67,1.58,50,7.55%,正常
PP_011,2024-11-06 15:00:33,2,3.36,50,5.44,3.63,7.93,1.24,50,63.00%,正常
PP_011,2024-11-06 15:10:33,6,7.89,50,4.5,2.84,12.95,1.54,50,5.16%,正常
PP_011,2024-11-06 15:20:33,6,6.25,50,6.74,2.48,8.61,1.27,50,70.14%,正常
PP_011,2024-11-06 15:30:33,4,12.37,50,5.52,2.06,5.61,1.44,50,20.93%,正常
PP_011,2024-11-06 15:40:33,4,2.25,50,4.3,3.59,10.11,1.32,50,73.83%,正常
PP_011,2024-11-06 15:50:33,4,13.45,50,3.8,3.95,5.99,1.76,50,76.61%,漏水
PP_012,2024-11-06 12:00:33,1,10.87,300,7.36,3.77,11.9,1.52,300,38.96%,正常
PP_012,2024-11-06 12:10:33,1,11.91,300,6.73,3.91,6.4,1.64,300,12.81%,正常
PP_012,2024-11-06 12:20:33,6,5.58,300,6.73,3.18,7.25,1.29,300,67.47%,正常
PP_012,2024-11-06 12:30:33,2,4.98,300,2.04,2.47,11.27,1.75,300,44.53%,正常
PP_012,2024-11-06 12:40:33,1,3.25,300,3.94,3.24,11.97,1.74,300,92.23%,腐蚀
PP_012,2024-11-06 12:50:33,4,14.8,300,6.0,2.04,9.7,1.3,300,42.42%,正常
PP_012,2024-11-06 13:00:33,1,12.45,300,3.07,3.9,11.6,1.65,300,33.25%,正常
PP_012,2024-11-06 13:10:33,7,8.36,300,7.57,3.23,4.74,1.65,300,97.74%,腐蚀
PP_012,2024-11-06 13:20:33,2,12.52,300,4.5,2.85,2.46,1.22,300,50.43%,正常
PP_012,2024-11-06 13:30:33,2,11.99,300,4.49,2.43,7.06,1.74,300,83.75%,水质问题
PP_012,2024-11-06 13:40:33,6,14.73,300,7.72,3.87,14.52,1.57,300,20.26%,正常
PP_012,2024-11-06 13:50:33,1,8.99,300,4.51,3.53,12.7,1.41,300,73.13%,正常
PP_012,2024-11-06 14:00:33,6,10.62,300,4.14,3.51,2.5,1.78,300,8.82%,正常
PP_012,2024-11-06 14:10:33,5,4.7,300,4.33,2.19,2.41,1.37,300,85.06%,漏水
PP_012,2024-11-06 14:20:33,2,14.97,300,6.68,2.51,3.1,1.33,300,70.77%,正常
PP_012,2024-11-06 14:30:33,7,5.47,300,4.72,2.04,6.78,1.45,300,30.11%,正常
PP_012,2024-11-06 14:40:33,2,14.75,300,7.77,2.6,9.49,1.43,300,99.07%,堵塞
PP_012,2024-11-06 14:50:33,4,4.62,300,6.83,2.74,14.78,1.7,300,79.62%,堵塞
PP_012,2024-11-06 15:00:33,3,10.71,300,7.75,2.86,5.25,1.51,300,69.98%,正常
PP_012,2024-11-06 15:10:33,2,6.66,300,7.19,2.67,2.7,1.36,300,16.52%,正常
PP_012,2024-11-06 15:20:33,3,5.11,300,4.0,3.76,12.87,1.62,300,10.64%,正常
PP_012,2024-11-06 15:30:33,4,4.39,300,4.4,3.72,8.24,1.7,300,35.45%,正常
PP_012,2024-11-06 15:40:33,5,6.99,300,7.83,2.38,12.89,1.29,300,54.14%,正常
PP_012,2024-11-06 15:50:33,4,9.39,300,4.12,3.93,13.89,1.59,300,97.64%,漏水
PP_013,2024-11-06 12:00:33,4,10.81,50,4.94,2.02,3.38,1.57,50,71.18%,正常
PP_013,2024-11-06 12:10:33,5,8.48,50,4.26,3.61,14.32,1.51,50,1.59%,正常
PP_013,2024-11-06 12:20:33,6,4.43,50,3.33,3.78,3.9,1.44,50,30.61%,正常
PP_013,2024-11-06 12:30:33,4,5.36,50,6.74,2.99,3.22,1.67,50,14.38%,正常
PP_013,2024-11-06 12:40:33,1,4.98,50,7.37,2.28,7.5,1.29,50,34.80%,正常
PP_013,2024-11-06 12:50:33,5,14.88,50,2.46,2.92,7.11,1.46,50,85.15%,腐蚀
PP_013,2024-11-06 13:00:33,4,8.97,50,2.78,2.79,5.78,1.45,50,27.95%,正常
PP_013,2024-11-06 13:10:33,1,11.94,50,4.03,3.92,3.16,1.77,50,47.70%,正常
PP_013,2024-11-06 13:20:33,4,5.0,50,7.11,2.87,4.62,1.29,50,55.70%,正常
PP_013,2024-11-06 13:30:33,5,11.08,50,7.61,3.11,14.24,1.26,50,79.65%,水质问题
PP_013,2024-11-06 13:40:33,3,4.69,50,5.79,3.25,3.73,1.68,50,91.45%,水质问题
PP_013,2024-11-06 13:50:33,3,5.99,50,2.88,2.95,8.73,1.42,50,86.24%,腐蚀
PP_013,2024-11-06 14:00:33,2,10.03,50,5.67,3.55,9.92,1.45,50,70.36%,正常
PP_013,2024-11-06 14:10:33,4,10.04,50,7.51,3.97,5.55,1.75,50,55.09%,正常
PP_013,2024-11-06 14:20:33,1,8.47,50,6.21,2.74,14.98,1.7,50,75.20%,水质问题
PP_013,2024-11-06 14:30:33,5,11.01,50,4.94,3.13,8.83,1.49,50,53.56%,正常
PP_013,2024-11-06 14:40:33,5,13.6,50,7.27,3.01,5.34,1.59,50,16.67%,正常
PP_013,2024-11-06 14:50:33,3,4.58,50,4.07,3.15,13.02,1.68,50,67.76%,正常
PP_013,2024-11-06 15:00:33,5,2.73,50,7.49,3.31,10.96,1.6,50,14.37%,正常
PP_013,2024-11-06 15:10:33,3,4.63,50,2.95,2.56,8.37,1.49,50,53.86%,正常
PP_013,2024-11-06 15:20:33,3,9.16,50,4.31,3.71,5.38,1.75,50,17.23%,正常
PP_013,2024-11-06 15:30:33,1,11.34,50,3.98,2.4,3.29,1.65,50,82.77%,堵塞
PP_013,2024-11-06 15:40:33,2,11.26,50,5.44,3.22,12.82,1.59,50,21.46%,正常
PP_013,2024-11-06 15:50:33,3,14.34,50,7.94,2.46,7.11,1.73,50,28.43%,正常
PP_014,2024-11-06 12:00:33,5,2.04,50,6.44,2.64,2.86,1.54,50,48.53%,正常
PP_014,2024-11-06 12:10:33,1,11.28,50,3.32,2.15,10.01,1.79,50,65.29%,正常
PP_014,2024-11-06 12:20:33,4,2.12,50,2.92,2.27,13.52,1.43,50,5.62%,正常
PP_014,2024-11-06 12:30:33,6,2.04,50,2.73,2.93,10.9,1.23,50,83.73%,漏水
PP_014,2024-11-06 12:40:33,7,8.66,50,5.42,3.94,13.59,1.37,50,88.75%,堵塞
PP_014,2024-11-06 12:50:33,7,3.16,50,4.22,2.51,11.53,1.36,50,74.38%,正常
PP_014,2024-11-06 13:00:33,5,2.76,50,4.68,2.28,13.09,1.76,50,63.44%,正常
PP_014,2024-11-06 13:10:33,1,11.32,50,3.52,3.61,14.59,1.23,50,12.96%,正常
PP_014,2024-11-06 13:20:33,1,14.08,50,3.54,2.73,11.36,1.57,50,16.58%,正常
PP_014,2024-11-06 13:30:33,6,12.92,50,5.01,3.29,7.48,1.68,50,25.13%,正常
PP_014,2024-11-06 13:40:33,6,6.91,50,5.62,3.87,2.85,1.54,50,44.52%,正常
PP_014,2024-11-06 13:50:33,5,4.19,50,2.16,2.78,7.62,1.59,50,81.16%,管道破裂
PP_014,2024-11-06 14:00:33,3,8.07,50,5.08,3.42,11.56,1.67,50,62.68%,正常
PP_014,2024-11-06 14:10:33,6,12.49,50,7.19,2.56,3.83,1.35,50,52.28%,正常
PP_014,2024-11-06 14:20:33,4,8.72,50,2.48,3.21,7.26,1.75,50,77.22%,腐蚀
PP_014,2024-11-06 14:30:33,6,10.99,50,6.92,3.78,13.28,1.29,50,64.96%,正常
PP_014,2024-11-06 14:40:33,7,4.23,50,3.76,3.21,6.41,1.26,50,3.84%,正常
PP_014,2024-11-06 14:50:33,3,11.5,50,5.85,2.44,10.7,1.71,50,0.21%,正常
PP_014,2024-11-06 15:00:33,7,7.88,50,5.0,3.31,8.6,1.21,50,11.00%,正常
PP_014,2024-11-06 15:10:33,5,6.13,50,5.34,3.98,5.86,1.49,50,20.97%,正常
PP_014,2024-11-06 15:20:33,2,6.8,50,5.78,3.69,5.23,1.79,50,74.98%,正常
PP_014,2024-11-06 15:30:33,6,8.82,50,4.38,2.14,8.25,1.44,50,25.87%,正常
PP_014,2024-11-06 15:40:33,7,11.61,50,6.27,2.06,3.21,1.61,50,20.57%,正常
PP_014,2024-11-06 15:50:33,4,6.79,50,7.08,2.63,3.9,1.78,50,42.49%,正常
PP_015,2024-11-06 12:00:33,7,5.32,150,4.76,3.04,3.16,1.52,150,62.73%,正常
PP_015,2024-11-06 12:10:33,7,3.68,150,5.89,2.06,10.91,1.34,150,29.49%,正常
PP_015,2024-11-06 12:20:33,5,14.1,150,7.89,3.03,4.51,1.71,150,73.43%,正常
PP_015,2024-11-06 12:30:33,6,12.6,150,2.36,2.63,5.09,1.71,150,25.95%,正常
PP_015,2024-11-06 12:40:33,3,12.31,150,2.73,2.55,3.19,1.46,150,13.09%,正常
PP_015,2024-11-06 12:50:33,1,7.84,150,4.76,3.5,6.99,1.41,150,84.24%,管道破裂
PP_015,2024-11-06 13:00:33,6,7.55,150,3.15,2.97,8.0,1.49,150,87.85%,堵塞
PP_015,2024-11-06 13:10:33,3,10.92,150,6.54,3.31,13.54,1.74,150,58.13%,正常
PP_015,2024-11-06 13:20:33,3,14.31,150,3.31,3.09,13.88,1.35,150,32.85%,正常
PP_015,2024-11-06 13:30:33,4,5.76,150,3.73,3.39,9.46,1.66,150,76.05%,管道破裂
PP_015,2024-11-06 13:40:33,7,11.05,150,7.64,2.46,5.82,1.75,150,89.72%,漏水
PP_015,2024-11-06 13:50:33,5,8.9,150,3.6,2.92,3.29,1.34,150,33.18%,正常
PP_015,2024-11-06 14:00:33,7,3.52,150,2.68,2.35,10.15,1.65,150,58.14%,正常
PP_015,2024-11-06 14:10:33,6,5.95,150,3.05,2.56,12.11,1.75,150,44.59%,正常
PP_015,2024-11-06 14:20:33,4,6.09,150,2.82,3.05,4.41,1.35,150,63.85%,正常
PP_015,2024-11-06 14:30:33,6,13.37,150,7.99,3.51,7.25,1.44,150,67.13%,正常
PP_015,2024-11-06 14:40:33,1,7.66,150,6.56,2.82,7.83,1.44,150,81.56%,腐蚀
PP_015,2024-11-06 14:50:33,1,6.61,150,6.47,3.95,14.32,1.64,150,42.52%,正常
PP_015,2024-11-06 15:00:33,1,4.88,150,6.19,2.88,8.84,1.62,150,86.54%,水质问题
PP_015,2024-11-06 15:10:33,1,10.46,150,4.37,2.99,10.28,1.32,150,42.10%,正常
PP_015,2024-11-06 15:20:33,1,10.91,150,2.52,2.55,13.03,1.74,150,39.89%,正常
PP_015,2024-11-06 15:30:33,3,2.81,150,6.26,2.61,4.79,1.65,150,78.26%,腐蚀
PP_015,2024-11-06 15:40:33,1,11.42,150,2.89,2.89,5.66,1.34,150,41.08%,正常
PP_015,2024-11-06 15:50:33,4,4.12,150,7.06,3.52,3.83,1.21,150,68.37%,正常
PP_016,2024-11-06 12:00:33,1,6.96,300,6.1,2.37,3.49,1.36,300,49.32%,正常
PP_016,2024-11-06 12:10:33,1,3.94,300,2.11,2.31,9.32,1.47,300,60.08%,正常
PP_016,2024-11-06 12:20:33,1,10.56,300,6.95,2.19,4.94,1.38,300,72.18%,正常
PP_016,2024-11-06 12:30:33,1,6.68,300,3.52,3.72,10.72,1.8,300,84.75%,堵塞
PP_016,2024-11-06 12:40:33,6,6.32,300,2.65,3.73,2.88,1.76,300,74.23%,正常
PP_016,2024-11-06 12:50:33,1,3.14,300,7.27,3.35,13.36,1.51,300,67.10%,正常
PP_016,2024-11-06 13:00:33,6,4.84,300,4.92,2.85,4.64,1.57,300,81.77%,腐蚀
PP_016,2024-11-06 13:10:33,1,10.87,300,3.59,3.98,9.84,1.29,300,97.47%,堵塞
PP_016,2024-11-06 13:20:33,1,9.52,300,4.25,2.12,3.08,1.5,300,33.88%,正常
PP_016,2024-11-06 13:30:33,6,13.48,300,5.01,2.69,8.13,1.26,300,98.61%,堵塞
PP_016,2024-11-06 13:40:33,1,3.0,300,7.17,3.63,12.59,1.34,300,35.38%,正常
PP_016,2024-11-06 13:50:33,5,11.52,300,3.02,3.4,3.86,1.66,300,93.90%,水质问题
PP_016,2024-11-06 14:00:33,4,13.2,300,5.83,3.83,8.19,1.28,300,55.06%,正常
PP_016,2024-11-06 14:10:33,6,13.94,300,6.3,2.8,12.12,1.38,300,87.86%,管道破裂
PP_016,2024-11-06 14:20:33,4,4.21,300,2.19,2.57,2.73,1.31,300,62.17%,正常
PP_016,2024-11-06 14:30:33,4,14.3,300,5.48,3.09,6.32,1.52,300,95.57%,漏水
PP_016,2024-11-06 14:40:33,6,14.88,300,4.12,3.54,12.52,1.31,300,31.02%,正常
PP_016,2024-11-06 14:50:33,2,11.76,300,3.74,3.69,3.73,1.26,300,40.96%,正常
PP_016,2024-11-06 15:00:33,6,12.97,300,4.41,3.02,14.69,1.68,300,26.25%,正常
PP_016,2024-11-06 15:10:33,3,6.68,300,4.38,3.41,14.98,1.57,300,76.60%,漏水
PP_016,2024-11-06 15:20:33,5,10.86,300,5.49,3.71,8.3,1.77,300,11.24%,正常
PP_016,2024-11-06 15:30:33,6,13.7,300,4.19,3.81,7.7,1.26,300,95.17%,水质问题
PP_016,2024-11-06 15:40:33,1,6.53,300,4.9,2.78,12.6,1.39,300,37.19%,正常
PP_016,2024-11-06 15:50:33,4,2.22,300,2.89,2.11,12.1,1.43,300,36.41%,正常
PP_017,2024-11-06 12:00:33,5,3.44,150,4.09,3.63,9.46,1.38,150,24.18%,正常
PP_017,2024-11-06 12:10:33,1,5.27,150,4.6,3.0,12.59,1.65,150,8.00%,正常
PP_017,2024-11-06 12:20:33,4,9.25,150,4.3,2.82,2.74,1.64,150,25.08%,正常
PP_017,2024-11-06 12:30:33,2,6.42,150,6.41,3.69,3.66,1.39,150,70.82%,正常
PP_017,2024-11-06 12:40:33,2,2.74,150,4.81,2.85,5.58,1.72,150,29.00%,正常
PP_017,2024-11-06 12:50:33,6,10.41,150,6.33,2.85,3.88,1.65,150,20.52%,正常
PP_017,2024-11-06 13:00:33,2,10.02,150,5.03,3.48,8.31,1.37,150,9.04%,正常
PP_017,2024-11-06 13:10:33,4,9.34,150,4.6,2.6,7.28,1.53,150,59.56%,正常
PP_017,2024-11-06 13:20:33,2,5.69,150,5.84,3.62,14.42,1.63,150,77.84%,腐蚀
PP_017,2024-11-06 13:30:33,5,6.22,150,7.89,2.61,7.48,1.68,150,64.72%,正常
PP_017,2024-11-06 13:40:33,5,5.72,150,2.39,2.13,8.39,1.45,150,94.31%,水质问题
PP_017,2024-11-06 13:50:33,2,10.58,150,3.01,2.27,2.89,1.55,150,95.27%,水质问题
PP_017,2024-11-06 14:00:33,5,8.73,150,7.65,2.31,5.9,1.51,150,21.25%,正常
PP_017,2024-11-06 14:10:33,3,12.01,150,3.36,2.56,3.87,1.61,150,98.93%,堵塞
PP_017,2024-11-06 14:20:33,3,12.56,150,2.2,3.24,4.42,1.34,150,92.26%,管道破裂
PP_017,2024-11-06 14:30:33,5,5.02,150,6.61,3.03,10.08,1.25,150,82.51%,管道破裂
PP_017,2024-11-06 14:40:33,4,13.89,150,7.64,3.68,12.73,1.49,150,49.33%,正常
PP_017,2024-11-06 14:50:33,5,8.85,150,3.53,3.37,14.26,1.66,150,74.29%,正常
PP_017,2024-11-06 15:00:33,5,5.97,150,7.88,2.5,5.8,1.25,150,73.98%,正常
PP_017,2024-11-06 15:10:33,6,2.53,150,3.27,3.94,12.11,1.4,150,87.04%,堵塞
PP_017,2024-11-06 15:20:33,1,6.39,150,6.39,2.31,8.78,1.66,150,86.08%,管道破裂
PP_017,2024-11-06 15:30:33,4,12.91,150,3.94,3.23,10.59,1.77,150,52.42%,正常
PP_017,2024-11-06 15:40:33,6,11.86,150,2.67,2.12,2.46,1.67,150,47.25%,正常
PP_017,2024-11-06 15:50:33,3,12.82,150,2.76,3.41,6.92,1.68,150,2.37%,正常
PP_018,2024-11-06 12:00:33,1,8.39,50,5.54,2.56,3.66,1.21,50,19.06%,正常
PP_018,2024-11-06 12:10:33,1,10.86,50,7.65,3.1,6.75,1.6,50,7.89%,正常
PP_018,2024-11-06 12:20:33,6,7.1,50,4.8,2.05,13.99,1.27,50,94.19%,腐蚀
PP_018,2024-11-06 12:30:33,2,3.69,50,5.75,3.05,9.71,1.22,50,36.17%,正常
PP_018,2024-11-06 12:40:33,4,5.78,50,4.36,2.36,6.12,1.59,50,1.93%,正常
PP_018,2024-11-06 12:50:33,1,2.42,50,6.92,3.12,2.52,1.29,50,90.96%,堵塞
PP_018,2024-11-06 13:00:33,5,13.11,50,4.67,2.45,8.71,1.2,50,4.41%,正常
PP_018,2024-11-06 13:10:33,1,14.33,50,5.16,2.37,12.43,1.68,50,92.18%,水质问题
PP_018,2024-11-06 13:20:33,1,4.7,50,2.99,3.34,6.27,1.22,50,37.28%,正常
PP_018,2024-11-06 13:30:33,6,5.29,50,7.26,3.11,14.52,1.26,50,35.70%,正常
PP_018,2024-11-06 13:40:33,7,4.64,50,7.96,2.23,9.75,1.61,50,37.78%,正常
PP_018,2024-11-06 13:50:33,6,7.99,50,2.57,3.78,10.04,1.66,50,64.39%,正常
PP_018,2024-11-06 14:00:33,7,13.11,50,7.23,3.57,4.96,1.78,50,46.07%,正常
PP_018,2024-11-06 14:10:33,6,8.32,50,3.66,2.24,4.34,1.67,50,14.04%,正常
PP_018,2024-11-06 14:20:33,7,11.62,50,5.07,2.99,2.33,1.51,50,22.64%,正常
PP_018,2024-11-06 14:30:33,6,7.11,50,7.95,2.57,5.64,1.63,50,4.14%,正常
PP_018,2024-11-06 14:40:33,6,2.9,50,7.87,3.03,10.34,1.34,50,38.34%,正常
PP_018,2024-11-06 14:50:33,5,14.65,50,6.33,3.64,7.89,1.2,50,46.88%,正常
PP_018,2024-11-06 15:00:33,3,7.3,50,5.72,2.65,4.83,1.55,50,32.52%,正常
PP_018,2024-11-06 15:10:33,4,6.1,50,2.9,3.03,9.84,1.41,50,23.82%,正常
PP_018,2024-11-06 15:20:33,7,6.5,50,6.18,2.76,9.76,1.6,50,41.22%,正常
PP_018,2024-11-06 15:30:33,1,4.35,50,4.98,2.33,6.58,1.43,50,53.98%,正常
PP_018,2024-11-06 15:40:33,3,6.25,50,2.71,2.82,4.68,1.62,50,84.05%,腐蚀
PP_018,2024-11-06 15:50:33,7,5.68,50,7.69,2.12,8.36,1.43,50,91.18%,管道破裂
PP_019,2024-11-06 12:00:33,1,14.81,150,3.66,3.16,6.27,1.28,150,47.29%,正常
PP_019,2024-11-06 12:10:33,1,9.66,150,3.04,2.31,2.31,1.62,150,2.42%,正常
PP_019,2024-11-06 12:20:33,2,3.1,150,2.44,2.27,8.98,1.23,150,85.55%,管道破裂
PP_019,2024-11-06 12:30:33,2,10.54,150,4.89,2.53,7.06,1.67,150,99.70%,腐蚀
PP_019,2024-11-06 12:40:33,1,12.64,150,2.01,3.34,11.52,1.37,150,39.82%,正常
PP_019,2024-11-06 12:50:33,5,6.37,150,6.97,3.21,9.11,1.64,150,13.15%,正常
PP_019,2024-11-06 13:00:33,2,4.6,150,4.72,3.39,7.01,1.77,150,81.88%,堵塞
PP_019,2024-11-06 13:10:33,3,10.05,150,7.23,2.79,13.0,1.79,150,14.24%,正常
PP_019,2024-11-06 13:20:33,4,6.77,150,3.58,3.55,6.08,1.43,150,23.03%,正常
PP_019,2024-11-06 13:30:33,1,7.22,150,5.58,3.0,8.62,1.27,150,22.08%,正常
PP_019,2024-11-06 13:40:33,1,3.05,150,6.02,2.44,2.44,1.26,150,66.33%,正常
PP_019,2024-11-06 13:50:33,6,14.59,150,4.33,3.83,12.24,1.58,150,35.27%,正常
PP_019,2024-11-06 14:00:33,7,2.92,150,7.42,2.54,3.24,1.72,150,51.76%,正常
PP_019,2024-11-06 14:10:33,6,13.28,150,4.28,3.52,9.99,1.43,150,48.44%,正常
PP_019,2024-11-06 14:20:33,4,11.83,150,7.84,2.82,13.09,1.55,150,86.48%,堵塞
PP_019,2024-11-06 14:30:33,3,6.66,150,5.7,2.83,8.29,1.35,150,71.64%,正常
PP_019,2024-11-06 14:40:33,6,6.35,150,4.53,3.9,8.0,1.7,150,53.51%,正常
PP_019,2024-11-06 14:50:33,4,10.01,150,7.32,3.77,5.2,1.73,150,51.88%,正常
PP_019,2024-11-06 15:00:33,6,4.15,150,2.24,3.11,13.15,1.4,150,29.06%,正常
PP_019,2024-11-06 15:10:33,3,11.14,150,3.06,3.24,11.3,1.43,150,36.23%,正常
PP_019,2024-11-06 15:20:33,4,14.21,150,5.81,3.05,6.39,1.73,150,1.24%,正常
PP_019,2024-11-06 15:30:33,7,4.51,150,4.37,2.4,5.16,1.66,150,89.98%,水质问题
PP_019,2024-11-06 15:40:33,1,5.22,150,5.55,2.46,5.59,1.68,150,21.29%,正常
PP_019,2024-11-06 15:50:33,3,10.47,150,4.1,3.89,14.1,1.56,150,26.18%,正常
PP_020,2024-11-06 12:00:33,3,4.7,150,2.19,2.21,7.71,1.36,150,7.45%,正常
PP_020,2024-11-06 12:10:33,4,9.23,150,3.07,2.85,13.8,1.33,150,57.88%,正常
PP_020,2024-11-06 12:20:33,2,11.85,150,2.79,2.14,6.09,1.64,150,74.52%,正常
PP_020,2024-11-06 12:30:33,4,11.74,150,7.43,2.87,2.45,1.71,150,70.32%,正常
PP_020,2024-11-06 12:40:33,4,9.88,150,2.42,2.64,7.87,1.61,150,54.62%,正常
PP_020,2024-11-06 12:50:33,5,6.98,150,6.64,3.89,3.44,1.32,150,9.06%,正常
PP_020,2024-11-06 13:00:33,6,14.98,150,3.02,2.55,4.14,1.27,150,91.66%,水质问题
PP_020,2024-11-06 13:10:33,6,6.98,150,7.87,3.11,13.87,1.25,150,41.47%,正常
PP_020,2024-11-06 13:20:33,1,8.12,150,4.11,2.58,7.83,1.28,150,62.45%,正常
PP_020,2024-11-06 13:30:33,6,8.37,150,2.71,2.54,3.44,1.57,150,64.84%,正常
PP_020,2024-11-06 13:40:33,4,13.73,150,5.44,3.01,8.15,1.75,150,20.47%,正常
PP_020,2024-11-06 13:50:33,1,9.73,150,4.0,3.64,7.23,1.32,150,24.55%,正常
PP_020,2024-11-06 14:00:33,6,4.21,150,5.4,2.85,12.45,1.67,150,35.72%,正常
PP_020,2024-11-06 14:10:33,3,2.02,150,3.91,2.95,14.17,1.35,150,62.71%,正常
PP_020,2024-11-06 14:20:33,1,2.47,150,2.1,2.43,9.26,1.64,150,35.17%,正常
PP_020,2024-11-06 14:30:33,2,14.32,150,3.21,3.0,4.54,1.49,150,56.11%,正常
PP_020,2024-11-06 14:40:33,1,9.76,150,7.22,3.35,3.93,1.47,150,45.38%,正常
PP_020,2024-11-06 14:50:33,4,5.0,150,7.6,3.0,12.92,1.3,150,18.45%,正常
PP_020,2024-11-06 15:00:33,5,13.9,150,2.5,3.94,4.62,1.56,150,27.13%,正常
PP_020,2024-11-06 15:10:33,2,12.13,150,7.85,2.12,11.94,1.43,150,63.77%,正常
PP_020,2024-11-06 15:20:33,3,11.17,150,6.31,3.18,2.89,1.42,150,13.17%,正常
PP_020,2024-11-06 15:30:33,7,10.86,150,2.98,3.39,12.94,1.33,150,88.27%,水质问题
PP_020,2024-11-06 15:40:33,4,12.88,150,4.96,3.67,7.84,1.66,150,49.83%,正常
PP_020,2024-11-06 15:50:33,2,11.25,150,7.26,3.28,14.55,1.22,150,29.10%,正常
PP_021,2024-11-06 12:00:33,1,12.87,50,3.74,2.61,2.51,1.31,50,86.82%,漏水
PP_021,2024-11-06 12:10:33,1,3.54,50,6.72,3.56,9.55,1.56,50,75.99%,腐蚀
PP_021,2024-11-06 12:20:33,3,4.66,50,7.55,2.71,6.53,1.22,50,57.12%,正常
PP_021,2024-11-06 12:30:33,2,6.29,50,3.5,3.35,5.24,1.52,50,51.62%,正常
PP_021,2024-11-06 12:40:33,5,12.03,50,2.6,3.61,5.11,1.65,50,57.51%,正常
PP_021,2024-11-06 12:50:33,3,3.42,50,6.44,3.23,7.36,1.51,50,5.14%,正常
PP_021,2024-11-06 13:00:33,4,7.88,50,5.13,2.29,10.7,1.64,50,88.42%,漏水
PP_021,2024-11-06 13:10:33,4,3.93,50,4.48,2.98,11.55,1.79,50,88.65%,管道破裂
PP_021,2024-11-06 13:20:33,4,2.22,50,6.85,2.98,3.28,1.7,50,35.75%,正常
PP_021,2024-11-06 13:30:33,5,9.43,50,3.15,2.44,4.25,1.59,50,78.27%,堵塞
PP_021,2024-11-06 13:40:33,6,6.86,50,5.8,3.1,14.29,1.47,50,46.75%,正常
PP_021,2024-11-06 13:50:33,3,13.41,50,5.97,2.63,9.86,1.75,50,3.36%,正常
PP_021,2024-11-06 14:00:33,6,9.77,50,5.89,3.26,4.13,1.4,50,24.86%,正常
PP_021,2024-11-06 14:10:33,3,5.46,50,5.66,3.08,2.32,1.25,50,12.03%,正常
PP_021,2024-11-06 14:20:33,6,6.09,50,8.0,3.36,12.03,1.55,50,65.91%,正常
PP_021,2024-11-06 14:30:33,3,10.4,50,4.23,3.94,2.09,1.34,50,11.58%,正常
PP_021,2024-11-06 14:40:33,7,12.42,50,5.09,2.79,3.15,1.42,50,33.66%,正常
PP_021,2024-11-06 14:50:33,1,3.2,50,6.94,3.85,12.09,1.45,50,41.48%,正常
PP_021,2024-11-06 15:00:33,4,7.93,50,3.66,3.29,3.15,1.22,50,98.29%,堵塞
PP_021,2024-11-06 15:10:33,6,5.63,50,3.63,2.33,6.73,1.39,50,85.73%,堵塞
PP_021,2024-11-06 15:20:33,7,8.31,50,2.35,3.86,14.4,1.33,50,67.67%,正常
PP_021,2024-11-06 15:30:33,5,2.8,50,7.04,3.66,12.59,1.34,50,96.93%,堵塞
PP_021,2024-11-06 15:40:33,2,5.23,50,7.59,3.64,13.01,1.49,50,62.57%,正常
PP_021,2024-11-06 15:50:33,6,4.44,50,4.95,2.76,3.82,1.52,50,25.41%,正常
PP_022,2024-11-06 12:00:33,7,12.2,300,7.26,2.77,12.54,1.78,300,70.25%,正常
PP_022,2024-11-06 12:10:33,1,5.32,300,5.12,3.24,4.91,1.43,300,14.65%,正常
PP_022,2024-11-06 12:20:33,3,6.35,300,2.85,2.86,9.61,1.44,300,94.95%,管道破裂
PP_022,2024-11-06 12:30:33,7,5.31,300,5.81,3.74,11.5,1.6,300,86.57%,堵塞
PP_022,2024-11-06 12:40:33,3,3.11,300,4.75,3.14,13.21,1.46,300,39.22%,正常
PP_022,2024-11-06 12:50:33,7,14.23,300,4.56,2.53,9.97,1.42,300,64.61%,正常
PP_022,2024-11-06 13:00:33,4,12.09,300,7.7,3.5,11.79,1.27,300,95.65%,水质问题
PP_022,2024-11-06 13:10:33,5,2.65,300,3.66,2.38,12.71,1.79,300,41.99%,正常
PP_022,2024-11-06 13:20:33,2,13.92,300,2.27,2.9,9.83,1.74,300,95.00%,水质问题
PP_022,2024-11-06 13:30:33,1,6.76,300,4.99,3.31,2.04,1.25,300,71.14%,正常
PP_022,2024-11-06 13:40:33,7,5.63,300,7.03,2.32,9.38,1.68,300,84.73%,水质问题
PP_022,2024-11-06 13:50:33,4,5.0,300,2.89,3.46,12.62,1.3,300,21.08%,正常
PP_022,2024-11-06 14:00:33,5,2.72,300,5.63,2.13,4.39,1.48,300,73.13%,正常
PP_022,2024-11-06 14:10:33,4,4.41,300,2.33,3.9,11.72,1.25,300,19.16%,正常
PP_022,2024-11-06 14:20:33,4,7.17,300,7.37,2.56,14.59,1.27,300,10.73%,正常
PP_022,2024-11-06 14:30:33,3,13.31,300,2.35,2.89,10.21,1.44,300,24.42%,正常
PP_022,2024-11-06 14:40:33,3,7.85,300,6.21,2.29,9.6,1.61,300,65.88%,正常
PP_022,2024-11-06 14:50:33,4,9.22,300,5.88,3.44,8.98,1.6,300,31.38%,正常
PP_022,2024-11-06 15:00:33,4,14.41,300,3.5,2.0,12.72,1.62,300,43.01%,正常
PP_022,2024-11-06 15:10:33,7,8.32,300,5.36,2.12,3.24,1.48,300,60.52%,正常
PP_022,2024-11-06 15:20:33,2,9.11,300,2.63,2.03,11.96,1.57,300,80.00%,堵塞
PP_022,2024-11-06 15:30:33,4,9.42,300,6.17,2.66,11.11,1.22,300,55.34%,正常
PP_022,2024-11-06 15:40:33,2,9.03,300,3.67,3.19,9.88,1.42,300,36.25%,正常
PP_022,2024-11-06 15:50:33,5,10.48,300,5.7,3.42,10.54,1.51,300,92.67%,漏水
PP_023,2024-11-06 12:00:33,2,3.33,150,2.32,2.9,11.99,1.32,150,60.35%,正常
PP_023,2024-11-06 12:10:33,1,2.76,150,4.37,2.78,11.8,1.45,150,14.47%,正常
PP_023,2024-11-06 12:20:33,5,8.11,150,4.07,2.59,5.12,1.69,150,70.04%,正常
PP_023,2024-11-06 12:30:33,1,4.84,150,2.52,3.11,9.69,1.74,150,95.42%,漏水
PP_023,2024-11-06 12:40:33,2,3.3,150,2.81,2.22,2.37,1.56,150,29.43%,正常
PP_023,2024-11-06 12:50:33,2,8.83,150,2.04,2.73,3.11,1.65,150,28.86%,正常
PP_023,2024-11-06 13:00:33,6,5.99,150,4.64,2.67,10.27,1.31,150,74.93%,正常
PP_023,2024-11-06 13:10:33,5,3.44,150,5.33,3.79,8.75,1.67,150,89.93%,腐蚀
PP_023,2024-11-06 13:20:33,2,6.91,150,5.01,2.98,7.5,1.27,150,65.94%,正常
PP_023,2024-11-06 13:30:33,6,10.46,150,5.61,3.88,14.97,1.32,150,31.79%,正常
PP_023,2024-11-06 13:40:33,4,9.58,150,4.04,2.82,7.15,1.67,150,9.27%,正常
PP_023,2024-11-06 13:50:33,6,12.3,150,6.88,3.95,14.32,1.8,150,77.94%,腐蚀
PP_023,2024-11-06 14:00:33,6,14.29,150,6.96,2.04,7.94,1.33,150,24.32%,正常
PP_023,2024-11-06 14:10:33,6,5.92,150,3.05,3.39,10.68,1.36,150,32.64%,正常
PP_023,2024-11-06 14:20:33,5,2.7,150,4.68,2.04,12.2,1.64,150,22.07%,正常
PP_023,2024-11-06 14:30:33,3,10.27,150,4.08,3.26,5.01,1.28,150,97.89%,水质问题
PP_023,2024-11-06 14:40:33,5,11.51,150,4.07,2.16,13.83,1.44,150,84.60%,堵塞
PP_023,2024-11-06 14:50:33,7,3.83,150,6.38,3.08,9.88,1.79,150,3.97%,正常
PP_023,2024-11-06 15:00:33,5,5.09,150,6.39,3.16,8.78,1.67,150,69.34%,正常
PP_023,2024-11-06 15:10:33,6,9.76,150,3.03,2.35,2.15,1.55,150,54.01%,正常
PP_023,2024-11-06 15:20:33,6,4.37,150,3.4,3.56,14.78,1.52,150,44.82%,正常
PP_023,2024-11-06 15:30:33,7,10.13,150,6.63,3.29,5.78,1.72,150,80.79%,管道破裂
PP_023,2024-11-06 15:40:33,7,11.85,150,5.61,3.46,10.51,1.28,150,87.38%,管道破裂
PP_023,2024-11-06 15:50:33,2,13.33,150,6.29,3.14,10.36,1.22,150,37.81%,正常
PP_024,2024-11-06 12:00:33,4,9.51,300,6.15,2.19,10.89,1.46,300,38.53%,正常
PP_024,2024-11-06 12:10:33,3,7.96,300,2.86,3.37,11.69,1.44,300,87.95%,堵塞
PP_024,2024-11-06 12:20:33,1,5.94,300,4.93,2.81,10.46,1.5,300,97.33%,管道破裂
PP_024,2024-11-06 12:30:33,2,10.02,300,5.24,3.41,13.72,1.79,300,97.15%,漏水
PP_024,2024-11-06 12:40:33,3,4.64,300,2.04,3.69,9.7,1.51,300,19.37%,正常
PP_024,2024-11-06 12:50:33,7,9.75,300,5.63,2.92,2.01,1.67,300,86.67%,堵塞
PP_024,2024-11-06 13:00:33,3,7.06,300,7.29,2.79,8.54,1.27,300,3.01%,正常
PP_024,2024-11-06 13:10:33,6,9.9,300,7.12,3.39,5.27,1.63,300,64.86%,正常
PP_024,2024-11-06 13:20:33,7,13.65,300,5.1,3.57,12.02,1.49,300,8.69%,正常
PP_024,2024-11-06 13:30:33,4,5.35,300,2.83,2.07,8.42,1.27,300,60.54%,正常
PP_024,2024-11-06 13:40:33,5,3.8,300,5.28,2.03,14.74,1.25,300,68.42%,正常
PP_024,2024-11-06 13:50:33,6,4.03,300,4.15,2.04,3.85,1.55,300,1.60%,正常
PP_024,2024-11-06 14:00:33,4,10.65,300,5.32,2.88,10.91,1.47,300,11.75%,正常
PP_024,2024-11-06 14:10:33,1,8.92,300,4.73,2.3,9.76,1.24,300,86.91%,水质问题
PP_024,2024-11-06 14:20:33,2,2.2,300,7.66,3.82,14.2,1.62,300,26.92%,正常
PP_024,2024-11-06 14:30:33,6,13.54,300,3.84,3.5,7.53,1.67,300,78.58%,堵塞
PP_024,2024-11-06 14:40:33,5,8.82,300,5.83,3.51,11.88,1.67,300,5.88%,正常
PP_024,2024-11-06 14:50:33,2,11.58,300,6.55,2.14,5.96,1.78,300,66.56%,正常
PP_024,2024-11-06 15:00:33,2,7.94,300,3.96,3.43,12.88,1.42,300,91.98%,管道破裂
PP_024,2024-11-06 15:10:33,3,9.26,300,5.39,2.31,9.64,1.42,300,67.35%,正常
PP_024,2024-11-06 15:20:33,1,5.57,300,5.63,3.45,14.07,1.24,300,64.10%,正常
PP_024,2024-11-06 15:30:33,6,9.54,300,3.45,3.96,9.28,1.37,300,78.49%,水质问题
PP_024,2024-11-06 15:40:33,4,4.65,300,3.3,3.91,6.28,1.78,300,30.43%,正常
PP_024,2024-11-06 15:50:33,6,2.3,300,5.1,2.57,2.73,1.76,300,7.82%,正常
PP_025,2024-11-06 12:00:33,1,13.61,50,6.66,2.89,11.33,1.61,50,95.78%,水质问题
PP_025,2024-11-06 12:10:33,2,10.96,50,7.19,2.72,2.56,1.66,50,54.34%,正常
PP_025,2024-11-06 12:20:33,7,13.87,50,6.56,3.13,3.79,1.41,50,14.90%,正常
PP_025,2024-11-06 12:30:33,3,5.55,50,5.67,2.03,3.06,1.39,50,50.62%,正常
PP_025,2024-11-06 12:40:33,5,9.75,50,5.15,3.47,5.51,1.76,50,84.97%,水质问题
PP_025,2024-11-06 12:50:33,6,7.11,50,6.97,3.16,12.81,1.45,50,70.84%,正常
PP_025,2024-11-06 13:00:33,6,6.81,50,4.42,3.83,6.17,1.54,50,99.53%,漏水
PP_025,2024-11-06 13:10:33,4,14.63,50,7.55,2.18,4.41,1.77,50,18.15%,正常
PP_025,2024-11-06 13:20:33,4,10.31,50,7.95,3.03,9.86,1.21,50,74.15%,正常
PP_025,2024-11-06 13:30:33,7,7.08,50,4.16,3.39,5.21,1.41,50,9.29%,正常
PP_025,2024-11-06 13:40:33,3,3.7,50,7.96,3.83,11.36,1.28,50,14.01%,正常
PP_025,2024-11-06 13:50:33,4,11.03,50,7.18,2.72,10.55,1.49,50,92.89%,堵塞
PP_025,2024-11-06 14:00:33,5,5.11,50,3.58,3.93,6.38,1.74,50,22.73%,正常
PP_025,2024-11-06 14:10:33,2,4.53,50,3.25,2.26,10.76,1.6,50,74.49%,正常
PP_025,2024-11-06 14:20:33,1,4.58,50,4.69,2.8,13.65,1.66,50,2.64%,正常
PP_025,2024-11-06 14:30:33,7,11.22,50,4.24,2.79,5.05,1.28,50,94.89%,腐蚀
PP_025,2024-11-06 14:40:33,7,11.87,50,2.64,2.03,8.12,1.64,50,45.01%,正常
PP_025,2024-11-06 14:50:33,2,10.81,50,7.42,2.14,8.48,1.77,50,99.37%,腐蚀
PP_025,2024-11-06 15:00:33,1,10.37,50,5.52,2.38,10.43,1.49,50,33.70%,正常
PP_025,2024-11-06 15:10:33,7,12.73,50,5.43,2.44,14.65,1.26,50,6.90%,正常
PP_025,2024-11-06 15:20:33,1,13.24,50,5.78,2.61,9.96,1.72,50,59.94%,正常
PP_025,2024-11-06 15:30:33,4,10.28,50,7.02,2.3,5.88,1.64,50,29.64%,正常
PP_025,2024-11-06 15:40:33,6,4.84,50,7.37,2.44,14.59,1.47,50,85.30%,管道破裂
PP_025,2024-11-06 15:50:33,3,8.0,50,2.13,3.44,3.07,1.74,50,85.23%,腐蚀
PP_026,2024-11-06 12:00:33,4,14.55,150,2.14,3.5,9.59,1.5,150,88.58%,堵塞
PP_026,2024-11-06 12:10:33,1,5.84,150,3.95,2.5,4.66,1.59,150,55.17%,正常
PP_026,2024-11-06 12:20:33,7,2.24,150,7.95,3.24,2.15,1.29,150,96.03%,管道破裂
PP_026,2024-11-06 12:30:33,3,10.45,150,2.69,2.74,2.27,1.47,150,25.03%,正常
PP_026,2024-11-06 12:40:33,6,11.56,150,2.55,2.29,3.77,1.54,150,55.48%,正常
PP_026,2024-11-06 12:50:33,7,8.51,150,7.57,2.86,2.36,1.56,150,14.01%,正常
PP_026,2024-11-06 13:00:33,7,8.21,150,7.08,3.58,3.53,1.24,150,83.65%,腐蚀
PP_026,2024-11-06 13:10:33,4,8.08,150,7.38,2.95,9.78,1.68,150,85.02%,水质问题
PP_026,2024-11-06 13:20:33,1,6.32,150,4.22,3.91,7.84,1.51,150,53.64%,正常
PP_026,2024-11-06 13:30:33,2,12.07,150,3.75,2.44,5.11,1.74,150,97.47%,堵塞
PP_026,2024-11-06 13:40:33,6,2.08,150,2.87,3.91,9.8,1.49,150,2.06%,正常
PP_026,2024-11-06 13:50:33,6,7.57,150,6.86,3.1,11.56,1.48,150,69.22%,正常
PP_026,2024-11-06 14:00:33,3,10.89,150,6.83,3.59,12.08,1.68,150,36.35%,正常
PP_026,2024-11-06 14:10:33,4,3.26,150,2.8,3.53,5.03,1.49,150,15.19%,正常
PP_026,2024-11-06 14:20:33,6,4.91,150,7.0,2.78,11.35,1.7,150,59.65%,正常
PP_026,2024-11-06 14:30:33,7,14.05,150,7.44,2.42,3.48,1.32,150,86.47%,管道破裂
PP_026,2024-11-06 14:40:33,5,9.06,150,5.27,2.87,12.06,1.68,150,57.05%,正常
PP_026,2024-11-06 14:50:33,7,14.6,150,3.49,3.96,4.89,1.45,150,23.03%,正常
PP_026,2024-11-06 15:00:33,1,6.74,150,3.06,2.56,14.82,1.65,150,59.46%,正常
PP_026,2024-11-06 15:10:33,1,6.33,150,3.22,2.79,4.05,1.34,150,10.83%,正常
PP_026,2024-11-06 15:20:33,6,7.35,150,4.23,3.62,14.93,1.21,150,55.86%,正常
PP_026,2024-11-06 15:30:33,4,10.53,150,2.64,2.34,8.15,1.2,150,36.35%,正常
PP_026,2024-11-06 15:40:33,6,6.48,150,5.64,3.24,12.56,1.66,150,74.41%,正常
PP_026,2024-11-06 15:50:33,3,10.12,150,6.74,2.01,3.02,1.79,150,46.18%,正常
PP_027,2024-11-06 12:00:33,3,11.45,50,2.77,3.09,3.16,1.77,50,27.82%,正常
PP_027,2024-11-06 12:10:33,7,6.53,50,2.53,3.15,11.92,1.23,50,84.49%,水质问题
PP_027,2024-11-06 12:20:33,7,11.93,50,6.56,2.84,13.26,1.55,50,32.60%,正常
PP_027,2024-11-06 12:30:33,5,5.15,50,7.76,2.22,10.58,1.22,50,61.06%,正常
PP_027,2024-11-06 12:40:33,2,14.97,50,2.53,3.1,8.99,1.79,50,49.73%,正常
PP_027,2024-11-06 12:50:33,6,4.31,50,2.06,2.8,9.72,1.41,50,43.87%,正常
PP_027,2024-11-06 13:00:33,4,11.29,50,2.26,2.14,10.48,1.55,50,41.55%,正常
PP_027,2024-11-06 13:10:33,4,7.05,50,2.86,2.74,11.83,1.51,50,2.50%,正常
PP_027,2024-11-06 13:20:33,2,6.51,50,7.0,3.15,6.3,1.23,50,25.07%,正常
PP_027,2024-11-06 13:30:33,2,3.07,50,2.01,3.13,13.95,1.49,50,82.53%,管道破裂
PP_027,2024-11-06 13:40:33,2,2.41,50,7.89,3.19,14.08,1.32,50,86.81%,水质问题
PP_027,2024-11-06 13:50:33,3,6.23,50,7.61,2.91,2.33,1.46,50,40.71%,正常
PP_027,2024-11-06 14:00:33,2,13.07,50,2.44,3.36,4.4,1.41,50,86.70%,水质问题
PP_027,2024-11-06 14:10:33,5,14.36,50,6.26,2.59,7.41,1.53,50,12.31%,正常
PP_027,2024-11-06 14:20:33,6,3.07,50,4.44,2.7,4.89,1.7,50,23.84%,正常
PP_027,2024-11-06 14:30:33,7,4.25,50,3.99,3.21,6.04,1.45,50,80.21%,管道破裂
PP_027,2024-11-06 14:40:33,2,11.3,50,6.02,3.69,12.8,1.72,50,66.60%,正常
PP_027,2024-11-06 14:50:33,4,13.15,50,4.64,2.3,2.08,1.34,50,3.51%,正常
PP_027,2024-11-06 15:00:33,7,8.88,50,6.81,3.24,14.75,1.37,50,57.16%,正常
PP_027,2024-11-06 15:10:33,2,9.14,50,3.12,2.23,5.38,1.72,50,52.18%,正常
PP_027,2024-11-06 15:20:33,2,12.7,50,7.44,2.32,3.68,1.57,50,15.17%,正常
PP_027,2024-11-06 15:30:33,2,2.6,50,7.64,3.9,6.09,1.46,50,95.72%,漏水
PP_027,2024-11-06 15:40:33,3,9.74,50,3.44,2.36,12.12,1.51,50,29.27%,正常
PP_027,2024-11-06 15:50:33,6,11.74,50,2.58,2.28,11.6,1.6,50,76.87%,管道破裂
PP_028,2024-11-06 12:00:33,4,3.52,300,6.68,2.83,7.1,1.56,300,48.79%,正常
PP_028,2024-11-06 12:10:33,7,13.07,300,6.27,3.86,13.34,1.53,300,33.34%,正常
PP_028,2024-11-06 12:20:33,6,5.78,300,4.05,2.15,3.37,1.58,300,22.38%,正常
PP_028,2024-11-06 12:30:33,1,13.13,300,3.53,3.05,14.19,1.73,300,1.35%,正常
PP_028,2024-11-06 12:40:33,6,5.54,300,4.77,3.88,9.8,1.66,300,90.27%,漏水
PP_028,2024-11-06 12:50:33,3,11.45,300,6.09,3.69,6.55,1.29,300,60.03%,正常
PP_028,2024-11-06 13:00:33,7,8.0,300,6.5,3.9,7.91,1.73,300,84.28%,管道破裂
PP_028,2024-11-06 13:10:33,5,13.04,300,2.08,2.66,6.05,1.5,300,76.17%,管道破裂
PP_028,2024-11-06 13:20:33,6,14.39,300,4.98,2.72,13.78,1.51,300,40.96%,正常
PP_028,2024-11-06 13:30:33,3,9.26,300,3.89,2.81,2.49,1.55,300,7.16%,正常
PP_028,2024-11-06 13:40:33,6,5.5,300,7.36,3.94,11.53,1.52,300,10.04%,正常
PP_028,2024-11-06 13:50:33,6,4.25,300,5.62,2.28,5.33,1.57,300,94.79%,堵塞
PP_028,2024-11-06 14:00:33,7,2.52,300,4.06,2.43,3.45,1.54,300,95.06%,水质问题
PP_028,2024-11-06 14:10:33,7,3.16,300,3.15,3.55,10.79,1.66,300,90.83%,管道破裂
PP_028,2024-11-06 14:20:33,2,8.3,300,7.86,3.67,12.32,1.6,300,68.94%,正常
PP_028,2024-11-06 14:30:33,4,2.96,300,4.56,3.64,2.19,1.24,300,1.35%,正常
PP_028,2024-11-06 14:40:33,6,8.34,300,2.45,3.94,10.4,1.56,300,87.07%,水质问题
PP_028,2024-11-06 14:50:33,7,2.81,300,6.87,2.34,13.76,1.34,300,76.04%,堵塞
PP_028,2024-11-06 15:00:33,3,2.85,300,3.15,3.88,7.42,1.44,300,77.81%,腐蚀
PP_028,2024-11-06 15:10:33,5,9.11,300,6.22,2.7,7.55,1.55,300,4.54%,正常
PP_028,2024-11-06 15:20:33,3,5.56,300,7.74,3.27,2.83,1.49,300,66.29%,正常
PP_028,2024-11-06 15:30:33,7,4.49,300,5.57,3.44,9.08,1.54,300,83.98%,腐蚀
PP_028,2024-11-06 15:40:33,1,14.69,300,4.18,3.14,14.66,1.58,300,33.65%,正常
PP_028,2024-11-06 15:50:33,6,6.16,300,3.96,2.55,11.37,1.63,300,9.29%,正常
PP_029,2024-11-06 12:00:33,5,3.09,50,6.31,3.82,4.57,1.65,50,86.19%,堵塞
PP_029,2024-11-06 12:10:33,7,12.24,50,7.0,3.89,8.86,1.38,50,37.44%,正常
PP_029,2024-11-06 12:20:33,4,13.95,50,7.79,3.46,4.34,1.78,50,94.48%,漏水
PP_029,2024-11-06 12:30:33,6,9.28,50,7.33,3.79,8.36,1.26,50,5.72%,正常
PP_029,2024-11-06 12:40:33,4,8.35,50,3.39,2.79,13.56,1.65,50,3.24%,正常
PP_029,2024-11-06 12:50:33,6,9.15,50,2.38,3.13,3.55,1.36,50,51.38%,正常
PP_029,2024-11-06 13:00:33,1,11.84,50,7.16,2.44,8.38,1.59,50,87.44%,腐蚀
PP_029,2024-11-06 13:10:33,1,14.3,50,4.55,3.22,11.82,1.8,50,66.64%,正常
PP_029,2024-11-06 13:20:33,2,6.87,50,4.31,2.44,6.17,1.76,50,24.35%,正常
PP_029,2024-11-06 13:30:33,6,2.84,50,6.42,2.54,10.78,1.35,50,19.13%,正常
PP_029,2024-11-06 13:40:33,4,13.48,50,3.72,3.7,11.01,1.75,50,65.43%,正常
PP_029,2024-11-06 13:50:33,5,6.98,50,7.66,2.65,5.97,1.4,50,90.56%,堵塞
PP_029,2024-11-06 14:00:33,1,5.31,50,4.3,3.35,2.21,1.6,50,18.17%,正常
PP_029,2024-11-06 14:10:33,7,12.92,50,6.96,3.23,2.35,1.52,50,45.28%,正常
PP_029,2024-11-06 14:20:33,3,6.18,50,6.66,3.25,14.51,1.57,50,73.19%,正常
PP_029,2024-11-06 14:30:33,1,11.06,50,7.16,3.75,7.1,1.39,50,91.49%,管道破裂
PP_029,2024-11-06 14:40:33,6,7.46,50,5.88,2.79,14.07,1.4,50,22.74%,正常
PP_029,2024-11-06 14:50:33,3,5.66,50,7.77,2.82,10.05,1.45,50,53.09%,正常
PP_029,2024-11-06 15:00:33,5,6.58,50,6.6,2.7,3.01,1.42,50,77.63%,堵塞
PP_029,2024-11-06 15:10:33,1,4.29,50,3.54,2.34,5.39,1.43,50,46.14%,正常
PP_029,2024-11-06 15:20:33,4,5.9,50,5.09,2.03,9.61,1.21,50,10.94%,正常
PP_029,2024-11-06 15:30:33,7,3.06,50,5.78,2.82,11.62,1.38,50,10.12%,正常
PP_029,2024-11-06 15:40:33,5,7.65,50,2.81,3.46,4.45,1.59,50,74.17%,正常
PP_029,2024-11-06 15:50:33,1,6.27,50,4.7,3.62,7.71,1.35,50,81.20%,水质问题
PP_030,2024-11-06 12:00:33,5,12.87,50,2.92,2.51,8.49,1.37,50,68.84%,正常
PP_030,2024-11-06 12:10:33,2,7.21,50,2.42,3.46,3.25,1.36,50,87.81%,腐蚀
PP_030,2024-11-06 12:20:33,2,6.52,50,3.51,2.95,12.79,1.43,50,99.10%,漏水
PP_030,2024-11-06 12:30:33,7,5.22,50,4.23,3.11,4.33,1.41,50,19.09%,正常
PP_030,2024-11-06 12:40:33,7,11.07,50,2.32,3.6,13.85,1.62,50,32.21%,正常
PP_030,2024-11-06 12:50:33,1,11.06,50,6.19,2.99,7.54,1.8,50,29.49%,正常
PP_030,2024-11-06 13:00:33,3,13.65,50,6.66,2.21,3.16,1.58,50,47.88%,正常
PP_030,2024-11-06 13:10:33,5,12.09,50,7.94,3.87,10.46,1.45,50,12.73%,正常
PP_030,2024-11-06 13:20:33,4,9.76,50,5.61,2.2,13.47,1.75,50,31.33%,正常
PP_030,2024-11-06 13:30:33,5,10.48,50,2.36,2.83,12.49,1.41,50,66.07%,正常
PP_030,2024-11-06 13:40:33,1,5.95,50,5.84,3.8,7.6,1.45,50,30.81%,正常
PP_030,2024-11-06 13:50:33,7,7.2,50,7.94,3.79,6.71,1.4,50,77.98%,腐蚀
PP_030,2024-11-06 14:00:33,3,6.56,50,2.14,3.02,2.17,1.65,50,12.27%,正常
PP_030,2024-11-06 14:10:33,7,6.01,50,2.65,3.47,8.97,1.35,50,59.10%,正常
PP_030,2024-11-06 14:20:33,7,8.89,50,7.08,2.47,14.17,1.69,50,50.00%,正常
PP_030,2024-11-06 14:30:33,6,3.09,50,3.16,2.79,4.89,1.38,50,32.20%,正常
PP_030,2024-11-06 14:40:33,4,6.77,50,5.14,3.1,14.81,1.54,50,70.41%,正常
PP_030,2024-11-06 14:50:33,2,13.89,50,5.24,3.46,5.39,1.55,50,18.28%,正常
PP_030,2024-11-06 15:00:33,5,10.76,50,4.19,3.37,8.36,1.43,50,12.06%,正常
PP_030,2024-11-06 15:10:33,4,5.86,50,4.47,2.81,13.63,1.74,50,99.90%,堵塞
PP_030,2024-11-06 15:20:33,5,4.02,50,5.36,3.37,8.94,1.67,50,59.51%,正常
PP_030,2024-11-06 15:30:33,1,11.13,50,6.06,3.63,5.64,1.24,50,19.50%,正常
PP_030,2024-11-06 15:40:33,1,4.46,50,4.84,3.15,8.58,1.62,50,56.23%,正常
PP_030,2024-11-06 15:50:33,6,3.31,50,6.77,3.99,7.56,1.21,50,1.14%,正常
