device_id,timestamp,flux,pressure,signal,voltage,ph,turb,ozone,caliber,fault_probability,fault_type
WM_001,2024-11-06 12:00:33,3.69,0.4,-79.55,6.03,8.18,2.38,0.06,25,52.32%,正常
WM_001,2024-11-06 12:10:33,4.34,0.65,-80.6,6.08,7.4,3.11,0.06,25,78.03%,系统泄漏
WM_001,2024-11-06 12:20:33,3.67,0.53,-80.25,5.92,6.9,3.67,0.06,25,70.37%,正常
WM_001,2024-11-06 12:30:33,2.58,0.58,-79.85,6.01,7.46,4.2,0.07,25,67.04%,正常
WM_001,2024-11-06 12:40:33,5.86,0.69,-83.65,5.86,8.01,4.38,0.04,25,91.76%,系统泄漏
WM_001,2024-11-06 12:50:33,6.2,0.57,-84.89,5.85,7.6,3.41,0.08,25,4.93%,正常
WM_001,2024-11-06 13:00:33,1.79,0.61,-83.68,5.85,6.87,1.96,0.05,25,38.71%,正常
WM_001,2024-11-06 13:10:33,2.39,0.34,-84.01,5.99,8.03,0.94,0.05,25,80.38%,阀门问题
WM_001,2024-11-06 13:20:33,7.9,0.45,-77.61,6.06,7.3,4.01,0.04,25,44.62%,正常
WM_001,2024-11-06 13:30:33,1.22,0.79,-78.66,5.82,7.58,2.38,0.04,25,80.95%,电源问题
WM_001,2024-11-06 13:40:33,5.58,0.5,-79.21,5.86,7.22,1.64,0.06,25,20.62%,正常
WM_001,2024-11-06 13:50:33,1.48,0.6,-78.89,6.19,6.98,4.23,0.07,25,24.82%,正常
WM_001,2024-11-06 14:00:33,1.8,0.53,-82.84,5.89,8.05,3.14,0.08,25,79.60%,水质变化
WM_001,2024-11-06 14:10:33,3.04,0.33,-83.33,5.88,7.6,3.91,0.08,25,59.62%,正常
WM_001,2024-11-06 14:20:33,3.5,0.76,-84.73,5.92,7.02,3.04,0.05,25,94.54%,泄漏
WM_001,2024-11-06 14:30:33,3.82,0.4,-83.57,6.16,6.85,1.61,0.05,25,26.93%,正常
WM_001,2024-11-06 14:40:33,4.54,0.64,-77.93,5.9,7.17,2.66,0.05,25,71.35%,正常
WM_001,2024-11-06 14:50:33,7.25,0.49,-79.77,5.81,6.86,0.62,0.08,25,24.86%,正常
WM_001,2024-11-06 15:00:33,4.2,0.69,-77.05,6.11,7.72,3.45,0.02,25,12.15%,正常
WM_001,2024-11-06 15:10:33,2.82,0.66,-80.69,6.16,7.73,2.97,0.03,25,53.08%,正常
WM_001,2024-11-06 15:20:33,3.76,0.75,-76.47,6.0,7.74,1.5,0.02,25,2.81%,正常
WM_001,2024-11-06 15:30:33,5.12,0.72,-78.43,6.12,7.83,0.84,0.08,25,19.24%,正常
WM_001,2024-11-06 15:40:33,7.46,0.38,-78.62,6.19,8.09,3.72,0.02,25,63.98%,正常
WM_001,2024-11-06 15:50:33,2.32,0.51,-76.06,5.85,7.92,3.35,0.07,25,19.73%,正常
WM_002,2024-11-06 12:00:33,6.73,0.64,-82.13,5.81,6.9,3.95,0.04,100,74.55%,正常
WM_002,2024-11-06 12:10:33,3.02,0.48,-75.46,6.08,8.16,0.69,0.08,100,23.18%,正常
WM_002,2024-11-06 12:20:33,6.38,0.45,-79.88,6.03,8.19,4.04,0.06,100,1.25%,正常
WM_002,2024-11-06 12:30:33,1.45,0.44,-81.22,5.91,8.19,0.52,0.03,100,70.52%,正常
WM_002,2024-11-06 12:40:33,7.27,0.31,-83.01,5.89,6.94,2.61,0.07,100,10.55%,正常
WM_002,2024-11-06 12:50:33,2.15,0.66,-80.76,6.05,7.35,2.86,0.05,100,4.15%,正常
WM_002,2024-11-06 13:00:33,7.13,0.32,-84.37,5.91,7.25,1.19,0.02,100,5.57%,正常
WM_002,2024-11-06 13:10:33,1.3,0.44,-83.25,6.05,7.71,2.94,0.02,100,29.15%,正常
WM_002,2024-11-06 13:20:33,2.63,0.6,-76.39,6.04,7.74,2.97,0.03,100,42.30%,正常
WM_002,2024-11-06 13:30:33,2.47,0.44,-82.52,6.03,8.11,1.1,0.03,100,66.97%,正常
WM_002,2024-11-06 13:40:33,3.67,0.71,-82.75,6.17,7.73,1.08,0.03,100,1.51%,正常
WM_002,2024-11-06 13:50:33,6.17,0.34,-80.66,6.14,8.05,2.87,0.02,100,62.75%,正常
WM_002,2024-11-06 14:00:33,6.78,0.75,-76.0,6.07,6.92,1.3,0.05,100,77.20%,安装不当
WM_002,2024-11-06 14:10:33,6.93,0.79,-76.64,5.89,6.99,2.51,0.04,100,1.99%,正常
WM_002,2024-11-06 14:20:33,3.35,0.63,-80.22,5.91,7.21,3.82,0.03,100,45.04%,正常
WM_002,2024-11-06 14:30:33,4.08,0.52,-80.48,6.1,7.23,3.25,0.03,100,93.52%,水流冲击
WM_002,2024-11-06 14:40:33,5.54,0.41,-82.4,5.97,7.37,1.71,0.06,100,33.96%,正常
WM_002,2024-11-06 14:50:33,5.21,0.62,-75.54,5.81,7.59,2.62,0.08,100,59.07%,正常
WM_002,2024-11-06 15:00:33,7.03,0.38,-79.09,6.04,7.11,1.13,0.02,100,43.65%,正常
WM_002,2024-11-06 15:10:33,2.7,0.39,-76.73,5.97,7.31,1.36,0.07,100,82.30%,水质变化
WM_002,2024-11-06 15:20:33,4.58,0.48,-77.92,5.87,7.49,3.61,0.08,100,65.98%,正常
WM_002,2024-11-06 15:30:33,1.51,0.73,-84.35,6.03,7.64,1.45,0.03,100,40.95%,正常
WM_002,2024-11-06 15:40:33,6.34,0.33,-78.36,5.98,7.27,3.57,0.07,100,68.75%,正常
WM_002,2024-11-06 15:50:33,2.3,0.74,-82.87,6.1,7.91,1.46,0.05,100,81.31%,阀门问题
WM_003,2024-11-06 12:00:33,5.73,0.74,-81.1,6.11,8.12,1.07,0.06,100,67.20%,正常
WM_003,2024-11-06 12:10:33,7.9,0.61,-79.56,6.05,6.92,2.07,0.06,100,64.61%,正常
WM_003,2024-11-06 12:20:33,5.4,0.69,-77.7,6.17,7.58,3.07,0.02,100,49.31%,正常
WM_003,2024-11-06 12:30:33,7.07,0.36,-76.3,6.1,7.14,0.54,0.04,100,76.41%,电磁干扰
WM_003,2024-11-06 12:40:33,7.67,0.51,-81.09,5.98,7.24,3.75,0.05,100,91.57%,安装问题
WM_003,2024-11-06 12:50:33,3.35,0.79,-75.26,5.83,7.38,2.75,0.05,100,17.07%,正常
WM_003,2024-11-06 13:00:33,7.93,0.46,-75.04,5.91,7.4,3.43,0.03,100,72.90%,正常
WM_003,2024-11-06 13:10:33,4.06,0.38,-82.14,5.92,7.87,1.02,0.05,100,80.56%,系统泄漏
WM_003,2024-11-06 13:20:33,5.6,0.42,-79.36,6.14,7.82,1.69,0.02,100,26.18%,正常
WM_003,2024-11-06 13:30:33,7.63,0.76,-80.2,5.86,6.81,3.12,0.05,100,18.97%,正常
WM_003,2024-11-06 13:40:33,3.81,0.73,-76.75,6.06,7.12,0.68,0.07,100,55.08%,正常
WM_003,2024-11-06 13:50:33,3.62,0.51,-78.5,6.02,7.62,1.62,0.08,100,56.47%,正常
WM_003,2024-11-06 14:00:33,2.57,0.49,-79.02,6.05,7.81,2.83,0.03,100,24.52%,正常
WM_003,2024-11-06 14:10:33,1.74,0.51,-78.29,6.06,7.46,1.72,0.05,100,42.85%,正常
WM_003,2024-11-06 14:20:33,3.2,0.38,-79.84,6.18,7.25,1.4,0.03,100,11.29%,正常
WM_003,2024-11-06 14:30:33,2.24,0.32,-76.27,6.08,7.92,2.12,0.06,100,5.03%,正常
WM_003,2024-11-06 14:40:33,6.63,0.34,-81.74,5.94,7.6,1.68,0.03,100,9.89%,正常
WM_003,2024-11-06 14:50:33,2.7,0.54,-76.73,5.87,6.86,1.89,0.07,100,53.99%,正常
WM_003,2024-11-06 15:00:33,2.75,0.59,-82.87,5.8,7.7,4.28,0.05,100,69.12%,正常
WM_003,2024-11-06 15:10:33,2.97,0.42,-75.46,6.0,7.68,1.98,0.03,100,45.20%,正常
WM_003,2024-11-06 15:20:33,2.18,0.59,-79.89,5.95,8.07,4.11,0.02,100,8.07%,正常
WM_003,2024-11-06 15:30:33,6.67,0.73,-77.03,6.19,7.01,0.51,0.04,100,37.72%,正常
WM_003,2024-11-06 15:40:33,2.95,0.55,-78.34,6.02,7.13,3.51,0.05,100,92.51%,堵塞
WM_003,2024-11-06 15:50:33,7.96,0.78,-77.67,6.11,6.8,2.05,0.08,100,96.58%,安装问题
WM_004,2024-11-06 12:00:33,6.79,0.76,-76.02,5.94,7.19,3.85,0.04,25,94.43%,水质变化
WM_004,2024-11-06 12:10:33,6.67,0.67,-76.65,6.04,8.17,1.48,0.03,25,50.59%,正常
WM_004,2024-11-06 12:20:33,6.76,0.75,-76.48,5.92,7.01,0.64,0.05,25,29.05%,正常
WM_004,2024-11-06 12:30:33,5.93,0.45,-78.12,5.93,6.82,0.63,0.05,25,79.08%,堵塞
WM_004,2024-11-06 12:40:33,7.5,0.35,-77.3,5.84,7.12,3.66,0.04,25,73.73%,正常
WM_004,2024-11-06 12:50:33,6.29,0.65,-77.6,6.0,7.12,0.77,0.07,25,20.52%,正常
WM_004,2024-11-06 13:00:33,2.69,0.71,-75.26,6.19,7.96,2.37,0.04,25,10.47%,正常
WM_004,2024-11-06 13:10:33,5.46,0.7,-84.12,6.15,7.52,2.43,0.04,25,31.26%,正常
WM_004,2024-11-06 13:20:33,7.7,0.47,-75.76,6.19,6.85,2.2,0.04,25,77.61%,电磁干扰
WM_004,2024-11-06 13:30:33,1.01,0.42,-76.3,5.8,7.43,4.31,0.02,25,77.83%,电磁干扰
WM_004,2024-11-06 13:40:33,4.96,0.71,-77.01,5.95,8.04,2.69,0.03,25,90.86%,水质变化
WM_004,2024-11-06 13:50:33,7.35,0.41,-76.84,6.17,7.5,4.39,0.07,25,30.26%,正常
WM_004,2024-11-06 14:00:33,2.36,0.52,-83.16,5.89,7.61,1.33,0.04,25,70.55%,正常
WM_004,2024-11-06 14:10:33,3.54,0.47,-80.85,5.94,7.36,3.67,0.03,25,94.10%,流体特性变化
WM_004,2024-11-06 14:20:33,5.51,0.46,-82.84,5.99,7.45,2.75,0.03,25,66.02%,正常
WM_004,2024-11-06 14:30:33,4.97,0.4,-80.8,6.11,7.72,3.33,0.03,25,15.53%,正常
WM_004,2024-11-06 14:40:33,4.93,0.39,-77.73,5.86,8.11,3.93,0.04,25,26.69%,正常
WM_004,2024-11-06 14:50:33,6.73,0.44,-81.35,6.11,6.93,3.49,0.06,25,67.55%,正常
WM_004,2024-11-06 15:00:33,7.71,0.31,-79.26,5.86,7.79,1.4,0.08,25,23.03%,正常
WM_004,2024-11-06 15:10:33,1.4,0.46,-78.66,5.84,7.69,1.7,0.07,25,26.09%,正常
WM_004,2024-11-06 15:20:33,1.93,0.76,-76.1,5.86,7.07,3.74,0.02,25,85.46%,流体特性变化
WM_004,2024-11-06 15:30:33,6.1,0.41,-78.26,5.83,6.96,2.37,0.05,25,9.99%,正常
WM_004,2024-11-06 15:40:33,3.66,0.32,-76.45,6.09,8.08,1.78,0.03,25,86.02%,电源问题
WM_004,2024-11-06 15:50:33,1.45,0.8,-82.93,5.81,7.03,1.8,0.06,25,54.81%,正常
WM_005,2024-11-06 12:00:33,6.28,0.6,-76.18,5.97,7.63,3.99,0.03,100,23.38%,正常
WM_005,2024-11-06 12:10:33,7.18,0.42,-77.49,6.17,6.81,3.26,0.08,100,24.07%,正常
WM_005,2024-11-06 12:20:33,2.46,0.52,-80.64,6.14,7.69,2.7,0.08,100,9.75%,正常
WM_005,2024-11-06 12:30:33,2.6,0.39,-81.67,6.12,7.72,2.81,0.04,100,91.55%,阀门未完全打开
WM_005,2024-11-06 12:40:33,1.14,0.68,-78.39,6.0,7.99,1.1,0.06,100,60.72%,正常
WM_005,2024-11-06 12:50:33,4.75,0.57,-78.46,6.07,7.26,2.49,0.04,100,54.72%,正常
WM_005,2024-11-06 13:00:33,1.52,0.48,-76.88,5.99,7.47,0.52,0.03,100,65.25%,正常
WM_005,2024-11-06 13:10:33,5.35,0.67,-82.65,6.07,7.99,2.63,0.02,100,83.73%,电磁干扰
WM_005,2024-11-06 13:20:33,7.4,0.58,-81.57,5.81,7.8,2.29,0.08,100,52.04%,正常
WM_005,2024-11-06 13:30:33,4.09,0.69,-82.66,5.96,7.77,3.96,0.04,100,1.81%,正常
WM_005,2024-11-06 13:40:33,5.18,0.71,-84.51,5.9,8.17,2.47,0.06,100,39.13%,正常
WM_005,2024-11-06 13:50:33,1.48,0.5,-80.6,5.9,7.72,4.41,0.08,100,98.91%,电磁干扰
WM_005,2024-11-06 14:00:33,3.93,0.33,-77.03,6.15,8.1,3.66,0.07,100,32.44%,正常
WM_005,2024-11-06 14:10:33,2.95,0.31,-81.03,5.84,8.04,2.59,0.04,100,29.01%,正常
WM_005,2024-11-06 14:20:33,2.1,0.73,-76.16,5.88,7.01,0.6,0.03,100,54.26%,正常
WM_005,2024-11-06 14:30:33,2.69,0.66,-75.12,6.05,8.08,4.0,0.03,100,98.14%,阀门问题
WM_005,2024-11-06 14:40:33,5.19,0.4,-77.59,6.08,7.87,0.95,0.08,100,73.41%,正常
WM_005,2024-11-06 14:50:33,2.65,0.4,-78.04,5.98,7.91,1.92,0.04,100,74.23%,正常
WM_005,2024-11-06 15:00:33,3.25,0.56,-76.13,5.83,7.36,0.74,0.07,100,76.57%,泄漏
WM_005,2024-11-06 15:10:33,6.17,0.52,-82.44,6.13,7.96,4.47,0.02,100,2.25%,正常
WM_005,2024-11-06 15:20:33,2.49,0.68,-76.47,6.09,7.3,0.73,0.03,100,12.81%,正常
WM_005,2024-11-06 15:30:33,2.29,0.49,-80.16,5.94,7.62,3.03,0.03,100,51.44%,正常
WM_005,2024-11-06 15:40:33,5.72,0.44,-82.77,6.02,7.11,1.65,0.04,100,62.26%,正常
WM_005,2024-11-06 15:50:33,1.91,0.34,-84.32,6.01,8.01,1.66,0.05,100,81.67%,水流冲击
WM_006,2024-11-06 12:00:33,1.04,0.59,-82.95,6.16,7.92,1.47,0.07,25,48.69%,正常
WM_006,2024-11-06 12:10:33,6.84,0.53,-75.29,6.07,7.04,1.94,0.06,25,92.26%,阀门未完全打开
WM_006,2024-11-06 12:20:33,2.84,0.47,-78.05,6.19,7.89,1.03,0.06,25,34.08%,正常
WM_006,2024-11-06 12:30:33,7.23,0.33,-80.57,6.05,7.53,0.53,0.04,25,26.28%,正常
WM_006,2024-11-06 12:40:33,1.26,0.6,-82.14,5.99,6.91,1.73,0.07,25,70.12%,正常
WM_006,2024-11-06 12:50:33,5.45,0.74,-83.32,5.86,7.1,2.76,0.05,25,38.11%,正常
WM_006,2024-11-06 13:00:33,3.36,0.61,-75.17,5.83,7.75,4.14,0.02,25,81.84%,泄漏
WM_006,2024-11-06 13:10:33,4.91,0.33,-83.89,6.06,7.62,1.4,0.07,25,85.91%,电源问题
WM_006,2024-11-06 13:20:33,6.91,0.65,-82.61,6.11,6.98,3.61,0.04,25,28.32%,正常
WM_006,2024-11-06 13:30:33,4.52,0.45,-76.05,6.03,6.94,3.41,0.07,25,89.13%,安装问题
WM_006,2024-11-06 13:40:33,3.15,0.54,-79.98,6.14,8.2,1.03,0.07,25,77.49%,堵塞
WM_006,2024-11-06 13:50:33,6.73,0.39,-81.46,6.17,8.12,0.88,0.02,25,10.89%,正常
WM_006,2024-11-06 14:00:33,3.72,0.55,-83.67,6.11,7.26,2.42,0.03,25,68.14%,正常
WM_006,2024-11-06 14:10:33,5.14,0.57,-80.33,6.05,6.98,2.59,0.04,25,91.93%,系统泄漏
WM_006,2024-11-06 14:20:33,4.1,0.42,-75.41,5.81,7.41,4.14,0.05,25,67.95%,正常
WM_006,2024-11-06 14:30:33,4.32,0.7,-80.54,6.05,7.18,1.01,0.05,25,2.92%,正常
WM_006,2024-11-06 14:40:33,3.76,0.5,-75.97,6.08,7.92,1.63,0.06,25,23.24%,正常
WM_006,2024-11-06 14:50:33,3.72,0.77,-78.25,5.88,7.29,2.22,0.05,25,66.92%,正常
WM_006,2024-11-06 15:00:33,1.47,0.44,-84.97,5.92,7.31,1.08,0.04,25,37.66%,正常
WM_006,2024-11-06 15:10:33,2.61,0.49,-76.12,5.98,6.85,3.97,0.05,25,57.86%,正常
WM_006,2024-11-06 15:20:33,4.12,0.39,-76.45,5.81,8.12,1.59,0.02,25,77.43%,堵塞
WM_006,2024-11-06 15:30:33,6.21,0.71,-83.62,5.99,7.66,2.98,0.03,25,19.38%,正常
WM_006,2024-11-06 15:40:33,4.56,0.67,-80.69,5.88,7.74,3.98,0.04,25,10.30%,正常
WM_006,2024-11-06 15:50:33,7.93,0.46,-77.82,6.03,6.8,3.85,0.08,25,31.96%,正常
WM_007,2024-11-06 12:00:33,2.4,0.36,-77.67,5.94,7.86,1.89,0.05,25,80.27%,零点漂移
WM_007,2024-11-06 12:10:33,6.05,0.51,-83.53,5.99,7.72,2.57,0.04,25,12.26%,正常
WM_007,2024-11-06 12:20:33,4.89,0.41,-81.09,6.07,7.3,2.68,0.04,25,42.05%,正常
WM_007,2024-11-06 12:30:33,3.83,0.53,-75.47,5.82,6.82,4.46,0.05,25,67.65%,正常
WM_007,2024-11-06 12:40:33,2.62,0.72,-77.96,6.07,7.77,2.71,0.04,25,96.79%,系统泄漏
WM_007,2024-11-06 12:50:33,3.07,0.47,-83.8,6.01,8.09,1.99,0.05,25,45.29%,正常
WM_007,2024-11-06 13:00:33,2.76,0.73,-83.9,5.84,7.25,2.17,0.08,25,87.41%,水流冲击
WM_007,2024-11-06 13:10:33,2.22,0.67,-84.51,5.89,7.62,1.06,0.08,25,29.98%,正常
WM_007,2024-11-06 13:20:33,2.74,0.4,-75.05,5.84,7.78,1.04,0.03,25,39.30%,正常
WM_007,2024-11-06 13:30:33,2.35,0.57,-77.34,6.15,7.96,1.67,0.06,25,54.95%,正常
WM_007,2024-11-06 13:40:33,6.05,0.44,-80.49,5.89,7.17,3.34,0.03,25,11.35%,正常
WM_007,2024-11-06 13:50:33,2.76,0.73,-78.76,6.17,8.07,2.43,0.07,25,47.23%,正常
WM_007,2024-11-06 14:00:33,7.59,0.47,-81.18,5.96,7.16,1.15,0.02,25,36.89%,正常
WM_007,2024-11-06 14:10:33,2.71,0.43,-80.93,6.1,7.65,2.98,0.04,25,0.56%,正常
WM_007,2024-11-06 14:20:33,4.36,0.44,-76.9,6.0,7.08,1.88,0.02,25,4.45%,正常
WM_007,2024-11-06 14:30:33,6.02,0.4,-84.05,6.12,8.16,3.67,0.05,25,57.13%,正常
WM_007,2024-11-06 14:40:33,1.53,0.59,-78.97,5.85,6.82,4.35,0.03,25,39.99%,正常
WM_007,2024-11-06 14:50:33,4.54,0.77,-83.9,6.15,7.68,3.98,0.02,25,16.45%,正常
WM_007,2024-11-06 15:00:33,6.49,0.79,-81.81,5.88,6.85,1.54,0.06,25,90.92%,流体特性变化
WM_007,2024-11-06 15:10:33,7.32,0.69,-77.69,5.93,8.2,4.25,0.03,25,41.83%,正常
WM_007,2024-11-06 15:20:33,1.6,0.53,-81.56,6.16,7.33,2.53,0.06,25,46.18%,正常
WM_007,2024-11-06 15:30:33,3.36,0.73,-83.52,5.91,7.72,3.47,0.05,25,67.88%,正常
WM_007,2024-11-06 15:40:33,7.03,0.66,-81.45,5.91,7.52,2.73,0.03,25,67.95%,正常
WM_007,2024-11-06 15:50:33,6.41,0.35,-78.48,6.11,7.85,2.89,0.03,25,83.79%,零点漂移
WM_008,2024-11-06 12:00:33,3.52,0.47,-81.77,6.02,6.91,1.85,0.08,50,4.29%,正常
WM_008,2024-11-06 12:10:33,5.96,0.45,-82.84,5.86,7.24,4.27,0.07,50,14.80%,正常
WM_008,2024-11-06 12:20:33,1.85,0.4,-77.82,6.09,7.03,4.35,0.07,50,47.66%,正常
WM_008,2024-11-06 12:30:33,1.35,0.32,-79.32,6.01,7.89,3.77,0.06,50,69.85%,正常
WM_008,2024-11-06 12:40:33,4.44,0.76,-76.08,5.82,6.89,2.81,0.03,50,32.86%,正常
WM_008,2024-11-06 12:50:33,7.74,0.77,-84.4,6.12,7.06,1.72,0.05,50,72.29%,正常
WM_008,2024-11-06 13:00:33,5.4,0.6,-84.99,5.99,7.85,4.06,0.05,50,79.61%,系统泄漏
WM_008,2024-11-06 13:10:33,2.55,0.69,-83.66,6.14,7.06,3.89,0.04,50,22.20%,正常
WM_008,2024-11-06 13:20:33,6.16,0.34,-77.93,5.81,6.82,2.86,0.04,50,4.33%,正常
WM_008,2024-11-06 13:30:33,2.26,0.41,-78.49,6.03,8.06,3.41,0.08,50,3.28%,正常
WM_008,2024-11-06 13:40:33,2.81,0.39,-82.38,6.0,6.84,4.26,0.07,50,58.38%,正常
WM_008,2024-11-06 13:50:33,4.4,0.55,-80.38,6.17,7.39,3.35,0.06,50,57.53%,正常
WM_008,2024-11-06 14:00:33,4.24,0.45,-82.71,6.11,7.68,3.19,0.04,50,54.93%,正常
WM_008,2024-11-06 14:10:33,6.72,0.53,-75.28,5.98,7.5,2.51,0.08,50,39.35%,正常
WM_008,2024-11-06 14:20:33,4.72,0.39,-81.37,6.18,7.32,3.34,0.08,50,53.19%,正常
WM_008,2024-11-06 14:30:33,3.8,0.48,-76.78,5.95,7.65,0.84,0.05,50,16.61%,正常
WM_008,2024-11-06 14:40:33,1.83,0.33,-79.83,5.86,7.88,3.55,0.04,50,75.84%,零点漂移
WM_008,2024-11-06 14:50:33,6.9,0.75,-75.11,5.84,8.16,1.49,0.04,50,83.12%,安装不当
WM_008,2024-11-06 15:00:33,7.09,0.6,-81.44,6.07,8.14,1.26,0.05,50,89.16%,水流冲击
WM_008,2024-11-06 15:10:33,5.52,0.49,-81.33,6.07,7.49,3.95,0.08,50,41.10%,正常
WM_008,2024-11-06 15:20:33,6.41,0.71,-80.31,6.06,7.9,2.01,0.08,50,62.92%,正常
WM_008,2024-11-06 15:30:33,4.02,0.49,-75.09,5.87,8.12,4.26,0.08,50,11.42%,正常
WM_008,2024-11-06 15:40:33,7.54,0.63,-76.39,5.81,8.02,0.94,0.07,50,65.05%,正常
WM_008,2024-11-06 15:50:33,3.67,0.55,-77.01,6.04,7.46,4.46,0.04,50,57.87%,正常
WM_009,2024-11-06 12:00:33,3.03,0.4,-76.73,6.02,7.77,2.36,0.04,25,93.15%,电磁干扰
WM_009,2024-11-06 12:10:33,5.73,0.51,-81.54,5.97,8.0,3.84,0.04,25,92.84%,堵塞
WM_009,2024-11-06 12:20:33,3.55,0.38,-79.69,5.87,7.51,2.1,0.03,25,76.85%,堵塞
WM_009,2024-11-06 12:30:33,5.82,0.43,-77.54,5.84,7.17,3.6,0.02,25,60.18%,正常
WM_009,2024-11-06 12:40:33,5.23,0.68,-75.49,6.12,7.3,3.76,0.07,25,20.76%,正常
WM_009,2024-11-06 12:50:33,5.94,0.79,-82.13,5.81,8.02,2.35,0.04,25,52.69%,正常
WM_009,2024-11-06 13:00:33,6.7,0.38,-82.06,5.93,8.0,3.06,0.06,25,92.81%,传感器故障
WM_009,2024-11-06 13:10:33,1.84,0.77,-77.61,6.07,7.72,2.64,0.03,25,39.19%,正常
WM_009,2024-11-06 13:20:33,4.26,0.79,-79.69,5.87,7.21,3.68,0.07,25,30.49%,正常
WM_009,2024-11-06 13:30:33,7.4,0.65,-77.99,5.97,7.1,3.89,0.04,25,74.51%,正常
WM_009,2024-11-06 13:40:33,2.78,0.55,-79.95,5.83,8.01,3.43,0.02,25,31.38%,正常
WM_009,2024-11-06 13:50:33,4.84,0.4,-78.53,6.0,7.83,3.82,0.08,25,78.19%,水流冲击
WM_009,2024-11-06 14:00:33,7.73,0.77,-82.43,6.18,7.3,0.54,0.06,25,3.53%,正常
WM_009,2024-11-06 14:10:33,3.26,0.36,-84.17,6.08,7.18,0.66,0.03,25,75.16%,系统泄漏
WM_009,2024-11-06 14:20:33,6.93,0.72,-80.45,5.9,7.19,1.96,0.07,25,62.58%,正常
WM_009,2024-11-06 14:30:33,7.4,0.65,-81.62,5.91,8.09,0.58,0.05,25,51.85%,正常
WM_009,2024-11-06 14:40:33,5.31,0.58,-78.2,5.87,7.81,1.51,0.03,25,68.00%,正常
WM_009,2024-11-06 14:50:33,4.02,0.53,-76.71,5.83,7.83,3.36,0.03,25,83.77%,零点漂移
WM_009,2024-11-06 15:00:33,2.62,0.61,-78.1,5.89,7.82,1.28,0.02,25,6.00%,正常
WM_009,2024-11-06 15:10:33,4.11,0.41,-76.8,6.0,7.54,4.02,0.05,25,2.67%,正常
WM_009,2024-11-06 15:20:33,5.45,0.49,-83.97,5.96,7.79,3.58,0.04,25,1.77%,正常
WM_009,2024-11-06 15:30:33,1.29,0.61,-83.86,5.88,6.99,2.89,0.02,25,28.25%,正常
WM_009,2024-11-06 15:40:33,5.73,0.63,-83.8,6.1,7.8,2.05,0.07,25,58.02%,正常
WM_009,2024-11-06 15:50:33,3.22,0.39,-82.16,5.82,7.23,2.51,0.06,25,86.17%,安装问题
WM_010,2024-11-06 12:00:33,3.16,0.67,-82.27,5.94,7.77,2.64,0.02,50,55.34%,正常
WM_010,2024-11-06 12:10:33,7.24,0.62,-76.95,6.13,7.67,3.78,0.05,50,54.21%,正常
WM_010,2024-11-06 12:20:33,4.13,0.38,-81.47,5.96,6.93,2.13,0.05,50,48.28%,正常
WM_010,2024-11-06 12:30:33,2.18,0.64,-76.82,6.11,7.14,3.0,0.07,50,11.57%,正常
WM_010,2024-11-06 12:40:33,5.65,0.35,-84.74,6.05,7.41,2.31,0.08,50,28.67%,正常
WM_010,2024-11-06 12:50:33,3.53,0.61,-80.58,5.9,7.24,2.9,0.03,50,3.59%,正常
WM_010,2024-11-06 13:00:33,3.74,0.52,-84.05,5.97,7.84,1.96,0.03,50,13.88%,正常
WM_010,2024-11-06 13:10:33,4.5,0.31,-81.79,5.81,8.03,4.12,0.03,50,68.50%,正常
WM_010,2024-11-06 13:20:33,4.89,0.69,-76.56,5.82,7.22,3.42,0.04,50,30.20%,正常
WM_010,2024-11-06 13:30:33,3.11,0.36,-81.02,6.18,7.67,1.09,0.05,50,34.82%,正常
WM_010,2024-11-06 13:40:33,3.99,0.51,-82.9,6.14,6.91,1.38,0.04,50,79.92%,电源问题
WM_010,2024-11-06 13:50:33,6.96,0.43,-83.67,6.16,7.12,4.41,0.05,50,79.55%,阀门问题
WM_010,2024-11-06 14:00:33,2.07,0.69,-83.76,6.2,7.35,3.35,0.04,50,24.12%,正常
WM_010,2024-11-06 14:10:33,6.86,0.64,-76.4,6.19,7.33,2.25,0.06,50,2.02%,正常
WM_010,2024-11-06 14:20:33,4.62,0.41,-75.43,6.1,7.97,4.35,0.05,50,13.64%,正常
WM_010,2024-11-06 14:30:33,4.32,0.55,-80.57,6.07,7.29,1.27,0.04,50,72.70%,正常
WM_010,2024-11-06 14:40:33,2.88,0.58,-82.9,6.15,7.87,4.22,0.06,50,16.02%,正常
WM_010,2024-11-06 14:50:33,4.94,0.61,-83.52,5.88,7.71,3.33,0.04,50,25.14%,正常
WM_010,2024-11-06 15:00:33,3.65,0.69,-82.98,6.05,6.9,1.14,0.07,50,5.41%,正常
WM_010,2024-11-06 15:10:33,2.5,0.55,-75.55,6.16,7.73,2.25,0.05,50,86.40%,阀门未完全打开
WM_010,2024-11-06 15:20:33,6.07,0.39,-80.37,5.85,7.64,3.18,0.02,50,20.77%,正常
WM_010,2024-11-06 15:30:33,6.42,0.46,-84.68,5.89,7.08,0.52,0.06,50,2.10%,正常
WM_010,2024-11-06 15:40:33,1.23,0.44,-78.27,6.05,7.24,4.32,0.06,50,1.08%,正常
WM_010,2024-11-06 15:50:33,6.28,0.8,-84.26,5.81,7.97,1.08,0.07,50,18.93%,正常
WM_011,2024-11-06 12:00:33,1.6,0.43,-81.17,5.88,7.96,0.93,0.02,25,95.42%,电磁干扰
WM_011,2024-11-06 12:10:33,7.25,0.56,-82.64,6.19,7.8,3.94,0.02,25,45.63%,正常
WM_011,2024-11-06 12:20:33,6.09,0.62,-83.12,5.88,7.21,2.25,0.08,25,96.66%,安装问题
WM_011,2024-11-06 12:30:33,4.37,0.56,-76.05,6.17,7.76,1.07,0.06,25,12.61%,正常
WM_011,2024-11-06 12:40:33,3.19,0.44,-80.1,6.07,6.83,4.29,0.04,25,89.17%,泄漏
WM_011,2024-11-06 12:50:33,6.78,0.66,-84.17,6.12,7.28,0.54,0.04,25,10.33%,正常
WM_011,2024-11-06 13:00:33,3.19,0.65,-79.19,6.01,7.23,3.08,0.04,25,57.76%,正常
WM_011,2024-11-06 13:10:33,6.73,0.65,-75.79,6.18,7.25,3.64,0.07,25,5.86%,正常
WM_011,2024-11-06 13:20:33,6.83,0.5,-75.21,5.93,7.81,2.79,0.05,25,50.81%,正常
WM_011,2024-11-06 13:30:33,3.82,0.54,-75.72,5.83,7.0,4.42,0.08,25,25.39%,正常
WM_011,2024-11-06 13:40:33,6.68,0.5,-76.5,5.93,7.0,3.38,0.03,25,19.48%,正常
WM_011,2024-11-06 13:50:33,2.18,0.31,-75.55,6.09,7.24,1.73,0.03,25,24.10%,正常
WM_011,2024-11-06 14:00:33,1.52,0.75,-84.29,6.18,8.04,2.14,0.03,25,53.28%,正常
WM_011,2024-11-06 14:10:33,7.43,0.63,-76.63,5.86,7.07,1.57,0.07,25,76.80%,电磁干扰
WM_011,2024-11-06 14:20:33,1.09,0.44,-79.7,5.91,7.44,1.2,0.02,25,9.98%,正常
WM_011,2024-11-06 14:30:33,5.62,0.38,-76.03,5.89,7.15,4.18,0.04,25,88.52%,堵塞
WM_011,2024-11-06 14:40:33,2.43,0.7,-76.28,6.12,7.73,4.28,0.06,25,54.45%,正常
WM_011,2024-11-06 14:50:33,2.63,0.36,-75.21,5.98,6.98,1.18,0.03,25,39.78%,正常
WM_011,2024-11-06 15:00:33,5.5,0.42,-75.97,6.0,7.56,0.86,0.02,25,25.56%,正常
WM_011,2024-11-06 15:10:33,2.74,0.6,-82.69,6.0,7.8,3.87,0.07,25,64.53%,正常
WM_011,2024-11-06 15:20:33,2.58,0.62,-82.97,6.01,7.91,3.32,0.06,25,7.92%,正常
WM_011,2024-11-06 15:30:33,2.74,0.5,-84.84,5.91,7.12,2.3,0.07,25,91.57%,电源问题
WM_011,2024-11-06 15:40:33,2.03,0.57,-80.84,5.8,7.09,4.47,0.08,25,34.90%,正常
WM_011,2024-11-06 15:50:33,1.56,0.61,-83.75,6.04,7.82,0.52,0.07,25,17.08%,正常
WM_012,2024-11-06 12:00:33,6.75,0.3,-77.61,6.1,7.16,4.48,0.03,25,34.05%,正常
WM_012,2024-11-06 12:10:33,3.85,0.48,-76.14,6.15,7.61,3.89,0.05,25,88.25%,系统泄漏
WM_012,2024-11-06 12:20:33,5.99,0.64,-83.09,6.04,7.41,1.75,0.03,25,26.95%,正常
WM_012,2024-11-06 12:30:33,3.02,0.59,-77.92,5.95,8.03,1.45,0.04,25,2.13%,正常
WM_012,2024-11-06 12:40:33,4.8,0.64,-80.4,6.03,7.87,1.45,0.04,25,97.59%,传感器故障
WM_012,2024-11-06 12:50:33,3.03,0.76,-76.61,5.85,7.33,0.91,0.07,25,56.38%,正常
WM_012,2024-11-06 13:00:33,3.78,0.32,-83.89,5.85,7.9,0.97,0.04,25,29.48%,正常
WM_012,2024-11-06 13:10:33,1.07,0.34,-75.76,6.01,7.1,3.32,0.07,25,27.75%,正常
WM_012,2024-11-06 13:20:33,7.67,0.61,-80.6,5.82,7.49,0.73,0.08,25,95.38%,零点漂移
WM_012,2024-11-06 13:30:33,2.85,0.73,-82.13,5.86,6.85,1.45,0.05,25,56.05%,正常
WM_012,2024-11-06 13:40:33,2.05,0.53,-75.39,5.93,7.5,1.61,0.05,25,81.42%,阀门未完全打开
WM_012,2024-11-06 13:50:33,6.26,0.73,-75.16,6.06,7.15,4.02,0.07,25,95.84%,阀门未完全打开
WM_012,2024-11-06 14:00:33,5.27,0.36,-84.27,5.91,7.19,0.66,0.06,25,98.76%,堵塞
WM_012,2024-11-06 14:10:33,6.58,0.54,-76.33,6.1,7.6,0.7,0.02,25,32.92%,正常
WM_012,2024-11-06 14:20:33,4.6,0.58,-80.98,6.01,8.05,4.42,0.03,25,5.90%,正常
WM_012,2024-11-06 14:30:33,2.05,0.6,-84.54,5.91,8.03,1.02,0.08,25,66.90%,正常
WM_012,2024-11-06 14:40:33,4.58,0.71,-83.54,5.88,7.43,0.81,0.07,25,23.95%,正常
WM_012,2024-11-06 14:50:33,6.98,0.32,-83.84,6.12,7.27,2.37,0.02,25,97.40%,阀门未完全打开
WM_012,2024-11-06 15:00:33,1.59,0.71,-80.43,5.82,8.06,3.95,0.05,25,42.68%,正常
WM_012,2024-11-06 15:10:33,6.83,0.63,-83.88,6.03,7.17,4.36,0.07,25,85.93%,泄漏
WM_012,2024-11-06 15:20:33,2.49,0.69,-79.55,5.84,7.05,2.62,0.02,25,74.08%,正常
WM_012,2024-11-06 15:30:33,6.33,0.6,-80.55,5.84,8.05,2.88,0.06,25,73.33%,正常
WM_012,2024-11-06 15:40:33,7.95,0.67,-82.71,5.88,7.77,1.13,0.05,25,79.48%,安装问题
WM_012,2024-11-06 15:50:33,1.3,0.75,-81.85,5.87,7.47,1.52,0.03,25,17.43%,正常
WM_013,2024-11-06 12:00:33,5.83,0.58,-84.83,5.84,7.08,0.88,0.06,100,30.25%,正常
WM_013,2024-11-06 12:10:33,1.32,0.79,-84.18,6.09,7.72,3.7,0.03,100,79.33%,堵塞
WM_013,2024-11-06 12:20:33,7.57,0.45,-78.83,5.86,7.6,2.16,0.05,100,66.96%,正常
WM_013,2024-11-06 12:30:33,6.33,0.65,-78.25,5.97,7.32,3.0,0.04,100,95.26%,系统泄漏
WM_013,2024-11-06 12:40:33,1.05,0.69,-84.09,5.81,8.14,0.56,0.03,100,9.83%,正常
WM_013,2024-11-06 12:50:33,3.86,0.73,-80.08,6.07,8.04,2.01,0.04,100,12.61%,正常
WM_013,2024-11-06 13:00:33,7.98,0.68,-80.16,6.0,6.93,1.86,0.04,100,56.65%,正常
WM_013,2024-11-06 13:10:33,4.38,0.46,-76.79,6.05,7.86,4.23,0.03,100,42.46%,正常
WM_013,2024-11-06 13:20:33,5.88,0.34,-84.72,5.82,8.14,3.65,0.06,100,15.61%,正常
WM_013,2024-11-06 13:30:33,7.87,0.32,-83.86,5.86,7.63,0.71,0.08,100,39.05%,正常
WM_013,2024-11-06 13:40:33,1.88,0.43,-80.88,6.14,8.12,4.29,0.04,100,86.70%,传感器故障
WM_013,2024-11-06 13:50:33,6.59,0.45,-79.34,5.82,6.82,3.02,0.06,100,27.34%,正常
WM_013,2024-11-06 14:00:33,2.21,0.51,-78.23,6.02,7.83,2.92,0.04,100,91.83%,水质变化
WM_013,2024-11-06 14:10:33,7.94,0.69,-83.44,6.13,7.93,1.15,0.02,100,32.75%,正常
WM_013,2024-11-06 14:20:33,1.45,0.6,-81.62,5.9,7.14,0.54,0.06,100,81.49%,水流冲击
WM_013,2024-11-06 14:30:33,5.6,0.58,-79.05,6.0,7.18,0.81,0.07,100,65.66%,正常
WM_013,2024-11-06 14:40:33,7.76,0.72,-79.94,5.93,7.04,1.05,0.02,100,4.56%,正常
WM_013,2024-11-06 14:50:33,7.16,0.78,-78.55,5.95,7.27,1.5,0.06,100,37.03%,正常
WM_013,2024-11-06 15:00:33,4.74,0.64,-80.53,5.94,7.41,3.86,0.03,100,86.72%,阀门问题
WM_013,2024-11-06 15:10:33,5.2,0.44,-82.96,5.84,6.93,4.06,0.07,100,46.38%,正常
WM_013,2024-11-06 15:20:33,7.47,0.46,-76.51,6.1,7.53,3.5,0.03,100,81.43%,泄漏
WM_013,2024-11-06 15:30:33,5.64,0.35,-78.3,6.05,7.64,1.23,0.06,100,12.44%,正常
WM_013,2024-11-06 15:40:33,3.15,0.57,-77.34,6.06,7.05,4.2,0.05,100,26.07%,正常
WM_013,2024-11-06 15:50:33,1.59,0.42,-81.74,5.81,7.95,2.65,0.06,100,55.26%,正常
WM_014,2024-11-06 12:00:33,6.85,0.47,-83.31,6.09,6.91,4.08,0.03,25,24.73%,正常
WM_014,2024-11-06 12:10:33,1.31,0.63,-78.13,5.89,8.17,1.72,0.04,25,22.00%,正常
WM_014,2024-11-06 12:20:33,7.28,0.65,-83.44,5.95,7.14,3.17,0.07,25,64.97%,正常
WM_014,2024-11-06 12:30:33,3.49,0.52,-84.58,6.05,7.73,3.03,0.06,25,12.90%,正常
WM_014,2024-11-06 12:40:33,5.37,0.56,-78.62,6.0,7.92,0.99,0.07,25,23.15%,正常
WM_014,2024-11-06 12:50:33,6.33,0.31,-82.7,5.82,7.21,1.65,0.03,25,10.22%,正常
WM_014,2024-11-06 13:00:33,3.75,0.58,-82.11,6.07,7.52,2.66,0.04,25,60.06%,正常
WM_014,2024-11-06 13:10:33,6.28,0.4,-81.01,6.16,7.02,2.0,0.07,25,67.65%,正常
WM_014,2024-11-06 13:20:33,1.25,0.73,-82.57,6.08,7.37,2.03,0.04,25,4.15%,正常
WM_014,2024-11-06 13:30:33,3.31,0.42,-78.72,5.94,7.36,2.58,0.07,25,6.48%,正常
WM_014,2024-11-06 13:40:33,3.28,0.78,-80.21,5.96,7.04,2.69,0.05,25,82.80%,电磁干扰
WM_014,2024-11-06 13:50:33,5.34,0.68,-77.6,6.06,7.83,4.48,0.08,25,41.84%,正常
WM_014,2024-11-06 14:00:33,4.02,0.56,-84.19,6.2,8.04,4.09,0.05,25,51.58%,正常
WM_014,2024-11-06 14:10:33,6.59,0.71,-83.66,6.01,7.85,3.96,0.03,25,69.26%,正常
WM_014,2024-11-06 14:20:33,5.98,0.52,-76.3,5.96,7.84,4.41,0.05,25,16.56%,正常
WM_014,2024-11-06 14:30:33,3.79,0.4,-78.53,5.94,7.38,1.92,0.02,25,24.86%,正常
WM_014,2024-11-06 14:40:33,1.87,0.45,-77.63,5.84,7.06,2.11,0.06,25,97.10%,水流冲击
WM_014,2024-11-06 14:50:33,2.91,0.43,-84.72,6.08,7.96,3.0,0.07,25,38.95%,正常
WM_014,2024-11-06 15:00:33,6.23,0.35,-84.61,6.18,7.89,1.98,0.07,25,91.78%,流体特性变化
WM_014,2024-11-06 15:10:33,4.97,0.37,-77.17,6.03,7.67,4.37,0.03,25,83.20%,流体特性变化
WM_014,2024-11-06 15:20:33,6.43,0.4,-83.92,6.13,6.93,0.87,0.07,25,70.43%,正常
WM_014,2024-11-06 15:30:33,5.11,0.43,-80.45,6.11,7.36,2.55,0.06,25,50.08%,正常
WM_014,2024-11-06 15:40:33,2.36,0.72,-83.94,6.04,7.68,2.99,0.04,25,33.17%,正常
WM_014,2024-11-06 15:50:33,2.78,0.71,-84.82,6.01,7.99,2.74,0.06,25,68.65%,正常
WM_015,2024-11-06 12:00:33,4.12,0.35,-82.89,5.87,7.47,0.77,0.04,50,86.28%,水流冲击
WM_015,2024-11-06 12:10:33,1.09,0.59,-82.18,6.13,7.59,3.51,0.03,50,74.16%,正常
WM_015,2024-11-06 12:20:33,7.79,0.53,-80.9,5.81,6.89,4.08,0.07,50,38.61%,正常
WM_015,2024-11-06 12:30:33,4.16,0.51,-75.11,6.12,7.17,0.6,0.03,50,72.79%,正常
WM_015,2024-11-06 12:40:33,6.52,0.79,-75.43,5.93,6.87,2.86,0.05,50,71.77%,正常
WM_015,2024-11-06 12:50:33,5.51,0.35,-84.3,5.87,7.33,1.82,0.04,50,39.64%,正常
WM_015,2024-11-06 13:00:33,1.01,0.76,-83.89,5.85,7.02,4.22,0.07,50,90.39%,阀门未完全打开
WM_015,2024-11-06 13:10:33,3.62,0.76,-75.03,5.87,7.49,2.19,0.04,50,88.92%,电磁干扰
WM_015,2024-11-06 13:20:33,6.37,0.37,-83.7,5.85,7.75,1.98,0.07,50,65.55%,正常
WM_015,2024-11-06 13:30:33,4.05,0.54,-75.72,6.11,7.22,2.11,0.07,50,54.03%,正常
WM_015,2024-11-06 13:40:33,6.36,0.66,-76.32,6.14,6.97,2.81,0.03,50,25.96%,正常
WM_015,2024-11-06 13:50:33,1.34,0.52,-80.27,5.91,7.33,0.73,0.03,50,82.25%,传感器故障
WM_015,2024-11-06 14:00:33,3.56,0.8,-78.7,6.0,7.23,2.47,0.04,50,16.78%,正常
WM_015,2024-11-06 14:10:33,6.61,0.4,-82.39,6.15,7.16,0.83,0.08,50,6.71%,正常
WM_015,2024-11-06 14:20:33,7.14,0.53,-80.75,5.92,7.79,1.83,0.03,50,83.83%,安装不当
WM_015,2024-11-06 14:30:33,3.88,0.78,-76.89,6.04,7.94,1.01,0.08,50,71.55%,正常
WM_015,2024-11-06 14:40:33,2.31,0.53,-83.8,6.13,7.01,1.1,0.07,50,13.15%,正常
WM_015,2024-11-06 14:50:33,4.7,0.56,-83.1,6.09,7.46,2.51,0.03,50,19.17%,正常
WM_015,2024-11-06 15:00:33,5.29,0.59,-76.35,6.08,7.32,3.65,0.06,50,85.04%,安装问题
WM_015,2024-11-06 15:10:33,6.13,0.5,-78.55,5.88,7.38,1.62,0.07,50,40.70%,正常
WM_015,2024-11-06 15:20:33,2.67,0.76,-83.13,6.01,8.18,3.17,0.05,50,2.82%,正常
WM_015,2024-11-06 15:30:33,7.16,0.8,-80.97,5.81,6.92,4.28,0.07,50,89.31%,阀门未完全打开
WM_015,2024-11-06 15:40:33,5.06,0.6,-75.49,6.06,6.96,1.87,0.03,50,30.08%,正常
WM_015,2024-11-06 15:50:33,5.29,0.77,-76.66,5.81,7.74,1.11,0.02,50,29.04%,正常
WM_016,2024-11-06 12:00:33,3.94,0.6,-84.65,5.83,7.93,1.31,0.06,50,7.23%,正常
WM_016,2024-11-06 12:10:33,6.55,0.32,-84.91,6.11,8.15,1.37,0.07,50,13.28%,正常
WM_016,2024-11-06 12:20:33,7.01,0.56,-83.54,5.84,7.04,3.92,0.02,50,93.25%,零点漂移
WM_016,2024-11-06 12:30:33,1.72,0.72,-83.78,6.16,7.07,3.09,0.03,50,3.65%,正常
WM_016,2024-11-06 12:40:33,2.33,0.52,-77.45,6.12,6.89,0.52,0.05,50,81.88%,电磁干扰
WM_016,2024-11-06 12:50:33,3.52,0.53,-76.99,5.86,6.95,2.08,0.04,50,92.62%,安装不当
WM_016,2024-11-06 13:00:33,3.75,0.73,-81.9,5.87,7.31,1.71,0.05,50,73.45%,正常
WM_016,2024-11-06 13:10:33,4.34,0.76,-81.51,6.07,7.93,0.95,0.05,50,73.39%,正常
WM_016,2024-11-06 13:20:33,5.14,0.61,-84.14,6.17,7.28,1.74,0.02,50,47.67%,正常
WM_016,2024-11-06 13:30:33,2.11,0.35,-77.32,6.06,7.84,2.94,0.05,50,24.85%,正常
WM_016,2024-11-06 13:40:33,7.1,0.3,-78.6,5.94,7.06,3.04,0.08,50,19.17%,正常
WM_016,2024-11-06 13:50:33,4.16,0.3,-76.77,5.89,8.18,2.96,0.05,50,38.79%,正常
WM_016,2024-11-06 14:00:33,5.39,0.36,-76.35,6.16,7.63,3.45,0.07,50,77.23%,泄漏
WM_016,2024-11-06 14:10:33,5.15,0.76,-80.26,5.88,7.56,2.14,0.08,50,81.54%,水流冲击
WM_016,2024-11-06 14:20:33,4.59,0.64,-82.59,5.85,6.89,4.06,0.03,50,32.19%,正常
WM_016,2024-11-06 14:30:33,1.71,0.53,-78.68,6.08,8.06,2.43,0.03,50,2.01%,正常
WM_016,2024-11-06 14:40:33,4.06,0.7,-82.98,5.8,8.17,1.36,0.04,50,22.18%,正常
WM_016,2024-11-06 14:50:33,6.88,0.57,-84.29,6.13,6.82,1.01,0.03,50,93.35%,水质变化
WM_016,2024-11-06 15:00:33,5.06,0.65,-84.75,5.89,8.19,3.58,0.02,50,37.08%,正常
WM_016,2024-11-06 15:10:33,1.19,0.47,-76.38,6.08,6.84,3.54,0.06,50,20.82%,正常
WM_016,2024-11-06 15:20:33,4.45,0.55,-83.75,5.9,7.97,2.12,0.04,50,33.99%,正常
WM_016,2024-11-06 15:30:33,5.58,0.67,-78.71,6.03,7.01,3.44,0.04,50,69.32%,正常
WM_016,2024-11-06 15:40:33,4.11,0.59,-82.06,6.09,7.52,1.22,0.05,50,91.74%,传感器故障
WM_016,2024-11-06 15:50:33,2.48,0.8,-75.75,6.16,7.99,0.82,0.04,50,76.87%,阀门问题
WM_017,2024-11-06 12:00:33,5.1,0.57,-75.27,6.13,7.12,1.45,0.07,50,43.72%,正常
WM_017,2024-11-06 12:10:33,1.05,0.36,-80.67,6.06,8.01,1.42,0.06,50,87.59%,泄漏
WM_017,2024-11-06 12:20:33,7.55,0.35,-81.4,6.01,6.86,2.48,0.03,50,75.52%,流体特性变化
WM_017,2024-11-06 12:30:33,1.06,0.43,-84.28,6.06,6.88,4.31,0.03,50,1.19%,正常
WM_017,2024-11-06 12:40:33,3.02,0.64,-78.88,6.02,8.11,1.44,0.03,50,56.80%,正常
WM_017,2024-11-06 12:50:33,4.38,0.61,-79.86,5.82,7.02,1.94,0.05,50,4.95%,正常
WM_017,2024-11-06 13:00:33,7.36,0.42,-77.55,5.8,7.76,4.03,0.07,50,50.62%,正常
WM_017,2024-11-06 13:10:33,3.67,0.35,-78.01,6.16,7.6,1.98,0.04,50,3.55%,正常
WM_017,2024-11-06 13:20:33,5.59,0.69,-78.21,5.92,7.9,2.86,0.03,50,78.31%,阀门未完全打开
WM_017,2024-11-06 13:30:33,2.12,0.76,-79.89,5.97,7.74,0.81,0.04,50,32.01%,正常
WM_017,2024-11-06 13:40:33,7.69,0.5,-82.17,6.16,7.01,1.93,0.07,50,22.71%,正常
WM_017,2024-11-06 13:50:33,5.94,0.65,-77.9,5.95,7.8,3.57,0.04,50,73.70%,正常
WM_017,2024-11-06 14:00:33,2.63,0.48,-76.37,6.17,7.94,2.68,0.03,50,18.53%,正常
WM_017,2024-11-06 14:10:33,2.46,0.72,-84.06,5.84,6.83,2.22,0.07,50,21.16%,正常
WM_017,2024-11-06 14:20:33,5.41,0.45,-80.06,6.11,6.9,3.33,0.02,50,60.38%,正常
WM_017,2024-11-06 14:30:33,6.39,0.54,-79.83,5.96,7.76,0.97,0.07,50,21.62%,正常
WM_017,2024-11-06 14:40:33,6.01,0.34,-78.38,5.85,7.82,4.01,0.04,50,33.69%,正常
WM_017,2024-11-06 14:50:33,7.74,0.73,-76.53,6.17,7.81,3.74,0.04,50,44.41%,正常
WM_017,2024-11-06 15:00:33,1.36,0.44,-81.94,6.06,7.67,2.85,0.05,50,96.23%,系统泄漏
WM_017,2024-11-06 15:10:33,5.9,0.32,-77.09,5.92,7.11,2.26,0.08,50,1.13%,正常
WM_017,2024-11-06 15:20:33,1.95,0.52,-81.72,6.04,8.0,2.9,0.05,50,4.22%,正常
WM_017,2024-11-06 15:30:33,2.77,0.4,-83.16,5.82,8.18,3.7,0.08,50,70.82%,正常
WM_017,2024-11-06 15:40:33,7.72,0.33,-77.12,5.82,6.83,1.4,0.07,50,1.29%,正常
WM_017,2024-11-06 15:50:33,2.6,0.6,-80.53,6.19,7.98,3.06,0.05,50,50.42%,正常
WM_018,2024-11-06 12:00:33,6.89,0.41,-84.42,5.81,8.03,4.41,0.05,100,85.88%,水质变化
WM_018,2024-11-06 12:10:33,1.44,0.36,-84.1,5.81,7.6,1.25,0.06,100,85.32%,电磁干扰
WM_018,2024-11-06 12:20:33,5.88,0.54,-83.14,5.8,7.45,1.79,0.03,100,50.62%,正常
WM_018,2024-11-06 12:30:33,4.15,0.45,-77.09,6.01,7.32,3.19,0.07,100,37.89%,正常
WM_018,2024-11-06 12:40:33,6.36,0.35,-80.08,5.94,6.99,3.57,0.05,100,58.24%,正常
WM_018,2024-11-06 12:50:33,5.11,0.8,-83.57,6.19,7.27,3.72,0.04,100,1.93%,正常
WM_018,2024-11-06 13:00:33,1.08,0.79,-82.89,5.91,7.82,3.0,0.07,100,14.26%,正常
WM_018,2024-11-06 13:10:33,2.6,0.54,-84.89,6.13,8.09,1.73,0.04,100,25.67%,正常
WM_018,2024-11-06 13:20:33,4.12,0.33,-76.78,5.81,7.25,3.76,0.05,100,25.52%,正常
WM_018,2024-11-06 13:30:33,7.59,0.38,-82.08,6.01,6.94,1.35,0.07,100,31.02%,正常
WM_018,2024-11-06 13:40:33,1.26,0.78,-75.96,6.05,7.69,2.57,0.08,100,8.84%,正常
WM_018,2024-11-06 13:50:33,3.23,0.47,-75.76,6.02,7.41,4.31,0.07,100,18.07%,正常
WM_018,2024-11-06 14:00:33,7.99,0.67,-82.02,5.84,7.98,0.62,0.08,100,5.82%,正常
WM_018,2024-11-06 14:10:33,1.47,0.49,-75.74,5.9,7.82,2.35,0.06,100,23.39%,正常
WM_018,2024-11-06 14:20:33,7.93,0.75,-83.77,5.92,7.23,2.74,0.02,100,5.37%,正常
WM_018,2024-11-06 14:30:33,1.77,0.74,-78.57,6.11,7.61,2.09,0.04,100,25.24%,正常
WM_018,2024-11-06 14:40:33,7.8,0.64,-82.68,5.99,6.97,1.6,0.03,100,41.48%,正常
WM_018,2024-11-06 14:50:33,4.34,0.33,-75.62,6.2,8.03,3.02,0.05,100,5.59%,正常
WM_018,2024-11-06 15:00:33,2.56,0.49,-80.81,6.04,7.34,3.29,0.08,100,46.54%,正常
WM_018,2024-11-06 15:10:33,7.38,0.64,-81.64,5.98,6.88,0.6,0.02,100,42.75%,正常
WM_018,2024-11-06 15:20:33,5.05,0.67,-84.85,6.02,7.53,2.91,0.03,100,41.96%,正常
WM_018,2024-11-06 15:30:33,4.02,0.32,-84.17,5.87,7.55,3.39,0.04,100,15.01%,正常
WM_018,2024-11-06 15:40:33,2.21,0.75,-77.78,6.19,6.97,1.61,0.02,100,40.40%,正常
WM_018,2024-11-06 15:50:33,3.54,0.73,-79.42,5.98,8.1,0.65,0.02,100,65.63%,正常
WM_019,2024-11-06 12:00:33,7.97,0.33,-84.6,5.93,7.3,0.83,0.03,50,81.05%,传感器故障
WM_019,2024-11-06 12:10:33,4.86,0.65,-75.34,6.17,6.92,2.41,0.05,50,90.38%,电源问题
WM_019,2024-11-06 12:20:33,2.07,0.7,-83.06,5.83,6.8,4.26,0.07,50,56.21%,正常
WM_019,2024-11-06 12:30:33,2.18,0.34,-75.06,5.87,7.15,2.32,0.07,50,23.60%,正常
WM_019,2024-11-06 12:40:33,2.87,0.59,-79.67,6.07,7.49,1.08,0.08,50,13.18%,正常
WM_019,2024-11-06 12:50:33,5.82,0.59,-75.38,6.07,8.14,4.18,0.07,50,12.08%,正常
WM_019,2024-11-06 13:00:33,7.78,0.77,-84.95,6.01,7.57,3.02,0.05,50,4.48%,正常
WM_019,2024-11-06 13:10:33,2.55,0.69,-81.61,6.09,7.44,1.33,0.04,50,80.63%,系统泄漏
WM_019,2024-11-06 13:20:33,4.73,0.68,-79.42,5.99,6.98,3.63,0.03,50,65.09%,正常
WM_019,2024-11-06 13:30:33,7.67,0.58,-81.82,6.04,7.82,4.19,0.05,50,27.64%,正常
WM_019,2024-11-06 13:40:33,2.47,0.67,-82.14,6.05,6.96,4.29,0.05,50,13.31%,正常
WM_019,2024-11-06 13:50:33,6.31,0.51,-77.07,5.88,7.03,3.14,0.07,50,96.58%,水质变化
WM_019,2024-11-06 14:00:33,1.29,0.41,-82.53,5.93,7.06,1.96,0.04,50,75.31%,泄漏
WM_019,2024-11-06 14:10:33,4.38,0.67,-81.17,5.83,7.21,2.62,0.03,50,24.28%,正常
WM_019,2024-11-06 14:20:33,4.38,0.66,-78.31,5.87,6.98,3.45,0.05,50,16.91%,正常
WM_019,2024-11-06 14:30:33,2.17,0.63,-81.16,5.9,6.9,0.54,0.07,50,15.70%,正常
WM_019,2024-11-06 14:40:33,5.58,0.32,-78.83,5.99,7.14,3.13,0.06,50,22.07%,正常
WM_019,2024-11-06 14:50:33,2.66,0.74,-75.68,6.09,6.91,2.94,0.03,50,72.15%,正常
WM_019,2024-11-06 15:00:33,7.24,0.41,-77.8,6.17,7.7,2.79,0.02,50,13.88%,正常
WM_019,2024-11-06 15:10:33,2.46,0.64,-75.2,6.2,7.11,2.3,0.07,50,24.47%,正常
WM_019,2024-11-06 15:20:33,1.97,0.72,-81.82,6.19,7.83,1.28,0.06,50,61.66%,正常
WM_019,2024-11-06 15:30:33,4.57,0.79,-80.43,5.82,7.49,3.06,0.02,50,36.60%,正常
WM_019,2024-11-06 15:40:33,6.19,0.76,-81.91,6.14,7.93,3.0,0.03,50,85.00%,电磁干扰
WM_019,2024-11-06 15:50:33,4.29,0.33,-82.4,6.06,7.25,2.33,0.06,50,10.52%,正常
WM_020,2024-11-06 12:00:33,1.07,0.53,-78.28,6.1,6.89,2.35,0.04,25,15.25%,正常
WM_020,2024-11-06 12:10:33,5.69,0.3,-79.54,6.05,7.29,1.45,0.05,25,87.31%,阀门未完全打开
WM_020,2024-11-06 12:20:33,7.18,0.56,-82.21,5.89,7.76,2.88,0.08,25,16.53%,正常
WM_020,2024-11-06 12:30:33,4.19,0.74,-83.96,5.93,8.06,1.03,0.07,25,34.31%,正常
WM_020,2024-11-06 12:40:33,7.8,0.57,-81.28,6.13,7.62,3.23,0.07,25,17.30%,正常
WM_020,2024-11-06 12:50:33,5.75,0.42,-80.61,5.81,6.81,1.49,0.04,25,64.05%,正常
WM_020,2024-11-06 13:00:33,7.46,0.7,-77.51,6.2,7.96,0.88,0.04,25,21.05%,正常
WM_020,2024-11-06 13:10:33,6.84,0.64,-81.98,6.07,7.65,3.29,0.06,25,8.00%,正常
WM_020,2024-11-06 13:20:33,5.47,0.65,-84.34,5.98,6.93,3.32,0.07,25,98.11%,水质变化
WM_020,2024-11-06 13:30:33,7.81,0.65,-83.8,6.11,7.85,3.04,0.04,25,9.45%,正常
WM_020,2024-11-06 13:40:33,3.81,0.61,-84.37,5.97,7.94,2.36,0.08,25,40.41%,正常
WM_020,2024-11-06 13:50:33,5.93,0.45,-76.08,6.01,7.0,3.46,0.03,25,90.44%,阀门问题
WM_020,2024-11-06 14:00:33,3.88,0.32,-81.68,5.98,7.57,2.96,0.06,25,71.79%,正常
WM_020,2024-11-06 14:10:33,1.86,0.46,-84.87,5.93,6.98,2.34,0.04,25,9.32%,正常
WM_020,2024-11-06 14:20:33,5.27,0.6,-78.93,5.99,6.83,4.32,0.07,25,65.64%,正常
WM_020,2024-11-06 14:30:33,1.08,0.41,-82.08,6.04,7.75,3.8,0.02,25,10.75%,正常
WM_020,2024-11-06 14:40:33,4.06,0.54,-75.51,5.99,7.64,2.12,0.03,25,21.89%,正常
WM_020,2024-11-06 14:50:33,7.18,0.31,-76.21,5.83,7.4,4.32,0.05,25,66.40%,正常
WM_020,2024-11-06 15:00:33,2.5,0.66,-83.6,5.88,8.09,1.97,0.08,25,4.87%,正常
WM_020,2024-11-06 15:10:33,2.64,0.35,-75.07,5.96,7.21,4.46,0.02,25,27.08%,正常
WM_020,2024-11-06 15:20:33,2.4,0.61,-75.7,5.94,7.11,2.19,0.05,25,83.65%,阀门未完全打开
WM_020,2024-11-06 15:30:33,4.42,0.77,-76.23,5.89,7.56,3.26,0.02,25,67.95%,正常
WM_020,2024-11-06 15:40:33,1.2,0.66,-80.15,6.01,7.93,3.77,0.07,25,1.44%,正常
WM_020,2024-11-06 15:50:33,2.0,0.47,-79.68,5.82,7.61,2.36,0.05,25,68.56%,正常
WM_021,2024-11-06 12:00:33,1.42,0.32,-77.37,6.14,8.0,1.03,0.03,100,53.54%,正常
WM_021,2024-11-06 12:10:33,2.03,0.48,-80.89,5.93,7.44,1.25,0.07,100,10.96%,正常
WM_021,2024-11-06 12:20:33,3.65,0.4,-84.77,5.97,7.72,1.67,0.03,100,17.34%,正常
WM_021,2024-11-06 12:30:33,7.25,0.37,-79.25,5.88,8.14,2.33,0.07,100,35.82%,正常
WM_021,2024-11-06 12:40:33,3.9,0.7,-84.57,5.98,8.0,2.88,0.06,100,77.83%,零点漂移
WM_021,2024-11-06 12:50:33,5.36,0.63,-83.89,5.96,8.11,0.9,0.08,100,29.96%,正常
WM_021,2024-11-06 13:00:33,4.17,0.58,-77.74,5.93,8.1,2.57,0.04,100,98.88%,安装不当
WM_021,2024-11-06 13:10:33,2.32,0.75,-77.21,5.98,6.97,2.6,0.04,100,29.64%,正常
WM_021,2024-11-06 13:20:33,4.81,0.64,-82.57,5.93,6.96,2.81,0.06,100,16.02%,正常
WM_021,2024-11-06 13:30:33,2.39,0.78,-77.89,6.19,8.05,2.7,0.03,100,2.41%,正常
WM_021,2024-11-06 13:40:33,4.12,0.68,-83.48,5.84,7.79,3.42,0.03,100,55.42%,正常
WM_021,2024-11-06 13:50:33,5.32,0.49,-75.16,5.98,8.13,1.54,0.07,100,26.83%,正常
WM_021,2024-11-06 14:00:33,7.73,0.41,-83.09,5.87,8.05,4.08,0.08,100,91.87%,系统泄漏
WM_021,2024-11-06 14:10:33,5.8,0.33,-80.48,6.17,8.09,1.89,0.07,100,80.17%,堵塞
WM_021,2024-11-06 14:20:33,1.27,0.6,-78.33,6.08,7.92,2.56,0.04,100,42.22%,正常
WM_021,2024-11-06 14:30:33,1.21,0.5,-78.69,5.9,7.3,2.05,0.07,100,26.26%,正常
WM_021,2024-11-06 14:40:33,1.22,0.35,-76.14,5.83,7.43,0.65,0.06,100,48.76%,正常
WM_021,2024-11-06 14:50:33,3.86,0.7,-77.27,5.99,7.96,3.03,0.07,100,88.19%,安装不当
WM_021,2024-11-06 15:00:33,3.95,0.68,-80.39,5.96,7.9,2.16,0.07,100,72.72%,正常
WM_021,2024-11-06 15:10:33,2.89,0.75,-77.73,5.89,7.53,3.17,0.04,100,43.44%,正常
WM_021,2024-11-06 15:20:33,5.93,0.64,-78.57,6.14,7.68,4.01,0.07,100,33.99%,正常
WM_021,2024-11-06 15:30:33,5.32,0.7,-76.0,6.11,7.97,2.02,0.07,100,39.71%,正常
WM_021,2024-11-06 15:40:33,3.97,0.32,-77.48,5.93,7.08,3.37,0.07,100,8.64%,正常
WM_021,2024-11-06 15:50:33,2.04,0.66,-82.65,5.82,7.29,1.27,0.02,100,18.37%,正常
WM_022,2024-11-06 12:00:33,2.34,0.74,-77.92,5.97,8.0,2.22,0.04,25,54.48%,正常
WM_022,2024-11-06 12:10:33,7.61,0.59,-79.41,5.9,8.0,3.35,0.07,25,33.98%,正常
WM_022,2024-11-06 12:20:33,4.46,0.76,-77.83,5.87,7.58,3.78,0.04,25,73.65%,正常
WM_022,2024-11-06 12:30:33,3.33,0.64,-76.11,5.96,7.18,3.78,0.04,25,65.23%,正常
WM_022,2024-11-06 12:40:33,1.69,0.57,-81.43,5.94,7.91,3.2,0.02,25,70.95%,正常
WM_022,2024-11-06 12:50:33,5.59,0.33,-80.33,5.93,7.49,1.24,0.06,25,72.73%,正常
WM_022,2024-11-06 13:00:33,5.58,0.56,-76.3,5.88,7.01,2.88,0.04,25,33.79%,正常
WM_022,2024-11-06 13:10:33,2.74,0.3,-81.64,5.83,7.95,4.05,0.04,25,43.85%,正常
WM_022,2024-11-06 13:20:33,6.07,0.72,-83.34,6.06,7.24,1.76,0.07,25,69.51%,正常
WM_022,2024-11-06 13:30:33,5.34,0.32,-84.41,6.06,7.9,0.68,0.04,25,33.09%,正常
WM_022,2024-11-06 13:40:33,5.73,0.79,-79.75,6.09,6.81,2.81,0.03,25,5.95%,正常
WM_022,2024-11-06 13:50:33,6.48,0.47,-76.5,6.12,7.72,1.22,0.05,25,33.42%,正常
WM_022,2024-11-06 14:00:33,7.03,0.78,-83.5,5.99,7.77,4.36,0.06,25,48.90%,正常
WM_022,2024-11-06 14:10:33,2.0,0.48,-80.92,6.05,6.93,1.73,0.08,25,31.08%,正常
WM_022,2024-11-06 14:20:33,4.98,0.71,-83.47,5.88,7.58,4.1,0.03,25,66.68%,正常
WM_022,2024-11-06 14:30:33,6.59,0.38,-80.84,5.91,7.97,4.29,0.06,25,34.34%,正常
WM_022,2024-11-06 14:40:33,3.79,0.34,-80.98,6.17,8.06,3.18,0.05,25,35.69%,正常
WM_022,2024-11-06 14:50:33,1.72,0.74,-80.29,6.09,7.53,0.54,0.03,25,10.36%,正常
WM_022,2024-11-06 15:00:33,1.63,0.54,-75.84,6.03,8.18,4.25,0.02,25,37.60%,正常
WM_022,2024-11-06 15:10:33,7.12,0.52,-81.46,5.96,7.82,2.06,0.03,25,91.98%,电源问题
WM_022,2024-11-06 15:20:33,7.54,0.41,-80.85,5.91,7.52,2.06,0.03,25,68.35%,正常
WM_022,2024-11-06 15:30:33,5.58,0.72,-80.23,5.99,7.6,4.03,0.02,25,60.87%,正常
WM_022,2024-11-06 15:40:33,6.34,0.5,-82.75,5.9,8.09,1.37,0.08,25,53.36%,正常
WM_022,2024-11-06 15:50:33,5.67,0.66,-82.62,5.83,6.87,2.86,0.04,25,21.09%,正常
WM_023,2024-11-06 12:00:33,4.56,0.62,-83.22,6.09,7.29,1.69,0.05,100,17.67%,正常
WM_023,2024-11-06 12:10:33,3.79,0.41,-83.0,6.01,7.7,3.3,0.03,100,93.82%,电磁干扰
WM_023,2024-11-06 12:20:33,3.6,0.35,-75.93,5.88,7.38,1.17,0.08,100,38.04%,正常
WM_023,2024-11-06 12:30:33,2.07,0.47,-77.06,5.83,7.16,1.73,0.05,100,77.03%,安装不当
WM_023,2024-11-06 12:40:33,6.22,0.6,-79.54,5.91,8.01,3.45,0.07,100,57.59%,正常
WM_023,2024-11-06 12:50:33,5.84,0.68,-78.2,5.85,8.16,4.41,0.05,100,93.38%,电源问题
WM_023,2024-11-06 13:00:33,5.79,0.69,-80.23,6.15,7.94,1.1,0.02,100,23.74%,正常
WM_023,2024-11-06 13:10:33,3.6,0.72,-81.08,6.15,7.39,2.04,0.04,100,30.60%,正常
WM_023,2024-11-06 13:20:33,2.06,0.33,-76.06,5.91,6.9,1.0,0.04,100,1.04%,正常
WM_023,2024-11-06 13:30:33,3.35,0.55,-82.38,5.85,7.92,1.09,0.06,100,3.12%,正常
WM_023,2024-11-06 13:40:33,3.03,0.77,-81.28,6.03,7.11,3.13,0.08,100,70.55%,正常
WM_023,2024-11-06 13:50:33,1.75,0.63,-84.26,5.96,7.79,1.38,0.06,100,46.45%,正常
WM_023,2024-11-06 14:00:33,6.95,0.46,-75.23,6.18,8.04,1.62,0.06,100,78.22%,流体特性变化
WM_023,2024-11-06 14:10:33,1.26,0.57,-77.23,5.93,7.52,3.05,0.02,100,92.09%,堵塞
WM_023,2024-11-06 14:20:33,1.6,0.68,-75.83,5.96,7.06,2.49,0.03,100,57.30%,正常
WM_023,2024-11-06 14:30:33,7.96,0.36,-84.5,5.84,7.13,2.02,0.06,100,93.23%,传感器故障
WM_023,2024-11-06 14:40:33,5.52,0.31,-75.61,5.97,8.04,0.79,0.07,100,75.85%,堵塞
WM_023,2024-11-06 14:50:33,3.21,0.69,-80.91,6.07,7.08,0.81,0.03,100,28.36%,正常
WM_023,2024-11-06 15:00:33,6.67,0.35,-83.74,6.1,6.96,3.7,0.04,100,69.20%,正常
WM_023,2024-11-06 15:10:33,5.11,0.74,-81.95,5.98,6.95,1.08,0.04,100,38.73%,正常
WM_023,2024-11-06 15:20:33,2.68,0.6,-78.13,6.02,6.82,3.78,0.02,100,71.44%,正常
WM_023,2024-11-06 15:30:33,7.98,0.6,-79.48,6.02,7.68,1.33,0.03,100,73.55%,正常
WM_023,2024-11-06 15:40:33,1.78,0.37,-82.94,6.02,7.48,3.68,0.06,100,5.86%,正常
WM_023,2024-11-06 15:50:33,6.9,0.57,-84.86,6.04,7.76,2.62,0.05,100,33.48%,正常
WM_024,2024-11-06 12:00:33,7.64,0.45,-76.32,5.8,8.09,3.37,0.06,50,17.15%,正常
WM_024,2024-11-06 12:10:33,6.32,0.73,-81.59,5.92,7.81,3.63,0.07,50,67.59%,正常
WM_024,2024-11-06 12:20:33,1.71,0.76,-76.71,5.86,7.7,1.43,0.04,50,0.63%,正常
WM_024,2024-11-06 12:30:33,6.07,0.77,-82.94,6.18,7.19,1.57,0.07,50,61.82%,正常
WM_024,2024-11-06 12:40:33,1.68,0.76,-83.83,5.82,7.46,1.56,0.04,50,54.73%,正常
WM_024,2024-11-06 12:50:33,6.7,0.64,-80.87,6.12,7.85,3.78,0.05,50,67.24%,正常
WM_024,2024-11-06 13:00:33,4.36,0.72,-75.58,5.85,7.28,1.35,0.05,50,55.36%,正常
WM_024,2024-11-06 13:10:33,2.01,0.64,-81.63,6.07,7.29,4.37,0.05,50,5.82%,正常
WM_024,2024-11-06 13:20:33,4.45,0.78,-84.96,5.95,7.37,1.19,0.07,50,11.60%,正常
WM_024,2024-11-06 13:30:33,1.96,0.43,-75.91,6.0,7.33,2.11,0.07,50,32.39%,正常
WM_024,2024-11-06 13:40:33,6.4,0.77,-81.52,6.09,8.19,3.49,0.05,50,82.81%,零点漂移
WM_024,2024-11-06 13:50:33,6.2,0.33,-77.38,5.82,7.43,1.11,0.02,50,53.82%,正常
WM_024,2024-11-06 14:00:33,7.74,0.53,-83.07,5.82,7.83,3.63,0.04,50,24.55%,正常
WM_024,2024-11-06 14:10:33,4.77,0.41,-80.68,6.0,8.1,3.09,0.07,50,75.75%,水质变化
WM_024,2024-11-06 14:20:33,5.13,0.52,-78.39,5.98,7.54,3.9,0.04,50,59.99%,正常
WM_024,2024-11-06 14:30:33,7.5,0.72,-84.86,6.09,8.0,3.02,0.03,50,61.43%,正常
WM_024,2024-11-06 14:40:33,7.16,0.74,-80.71,5.88,8.12,2.3,0.06,50,79.74%,阀门问题
WM_024,2024-11-06 14:50:33,6.86,0.34,-75.66,6.1,7.37,0.79,0.02,50,32.21%,正常
WM_024,2024-11-06 15:00:33,2.31,0.57,-75.5,5.89,6.97,2.57,0.02,50,39.74%,正常
WM_024,2024-11-06 15:10:33,2.1,0.74,-81.3,5.96,7.16,3.0,0.02,50,78.89%,安装问题
WM_024,2024-11-06 15:20:33,6.78,0.43,-75.75,5.82,7.22,2.04,0.04,50,18.38%,正常
WM_024,2024-11-06 15:30:33,3.06,0.38,-82.56,6.11,7.04,3.79,0.04,50,44.10%,正常
WM_024,2024-11-06 15:40:33,1.38,0.72,-83.39,5.84,7.55,2.61,0.02,50,95.63%,泄漏
WM_024,2024-11-06 15:50:33,4.54,0.39,-80.2,6.13,7.42,1.48,0.03,50,21.14%,正常
WM_025,2024-11-06 12:00:33,4.74,0.4,-76.73,5.84,6.86,2.1,0.05,25,34.07%,正常
WM_025,2024-11-06 12:10:33,3.71,0.49,-83.82,5.95,7.53,1.34,0.04,25,14.96%,正常
WM_025,2024-11-06 12:20:33,1.73,0.35,-80.53,6.0,6.97,4.23,0.06,25,11.70%,正常
WM_025,2024-11-06 12:30:33,5.91,0.35,-84.48,5.89,7.48,2.93,0.03,25,65.17%,正常
WM_025,2024-11-06 12:40:33,6.22,0.3,-84.49,6.12,7.23,3.2,0.06,25,33.59%,正常
WM_025,2024-11-06 12:50:33,1.77,0.43,-84.77,5.92,7.99,3.68,0.04,25,1.32%,正常
WM_025,2024-11-06 13:00:33,4.46,0.38,-77.39,6.08,7.81,3.82,0.03,25,85.53%,传感器故障
WM_025,2024-11-06 13:10:33,4.15,0.61,-79.76,6.18,6.98,1.65,0.05,25,80.00%,流体特性变化
WM_025,2024-11-06 13:20:33,7.84,0.35,-84.42,5.92,7.56,2.92,0.07,25,24.33%,正常
WM_025,2024-11-06 13:30:33,7.73,0.43,-80.31,6.02,7.21,0.83,0.05,25,12.72%,正常
WM_025,2024-11-06 13:40:33,2.95,0.69,-80.98,6.03,8.12,1.6,0.06,25,14.04%,正常
WM_025,2024-11-06 13:50:33,7.84,0.61,-75.43,6.03,6.99,4.48,0.04,25,34.43%,正常
WM_025,2024-11-06 14:00:33,4.78,0.75,-83.09,5.95,7.78,4.36,0.07,25,22.02%,正常
WM_025,2024-11-06 14:10:33,4.32,0.44,-84.53,5.95,8.11,1.28,0.05,25,0.45%,正常
WM_025,2024-11-06 14:20:33,4.81,0.7,-83.67,5.91,7.54,3.43,0.04,25,62.43%,正常
WM_025,2024-11-06 14:30:33,4.01,0.56,-82.97,6.06,7.04,0.71,0.07,25,60.87%,正常
WM_025,2024-11-06 14:40:33,3.31,0.59,-83.36,6.02,6.92,3.73,0.04,25,63.14%,正常
WM_025,2024-11-06 14:50:33,2.69,0.48,-75.74,6.07,7.73,3.57,0.03,25,92.76%,流体特性变化
WM_025,2024-11-06 15:00:33,7.41,0.61,-81.79,6.02,8.02,0.93,0.04,25,4.73%,正常
WM_025,2024-11-06 15:10:33,7.59,0.78,-84.0,6.06,7.42,1.89,0.05,25,88.08%,系统泄漏
WM_025,2024-11-06 15:20:33,5.52,0.54,-77.33,6.07,7.93,2.49,0.06,25,0.77%,正常
WM_025,2024-11-06 15:30:33,7.21,0.44,-83.55,5.91,8.05,0.64,0.07,25,59.90%,正常
WM_025,2024-11-06 15:40:33,3.34,0.36,-77.42,5.98,7.13,1.48,0.05,25,4.54%,正常
WM_025,2024-11-06 15:50:33,4.63,0.67,-76.29,5.95,7.89,4.24,0.02,25,60.48%,正常
WM_026,2024-11-06 12:00:33,3.78,0.79,-83.68,6.11,6.81,2.0,0.03,100,37.36%,正常
WM_026,2024-11-06 12:10:33,7.07,0.59,-79.58,6.05,7.08,0.63,0.04,100,70.35%,正常
WM_026,2024-11-06 12:20:33,7.45,0.61,-84.47,5.81,8.09,2.14,0.08,100,96.22%,安装不当
WM_026,2024-11-06 12:30:33,2.99,0.3,-79.85,5.81,7.32,3.29,0.03,100,66.37%,正常
WM_026,2024-11-06 12:40:33,4.79,0.75,-78.43,5.85,7.51,3.16,0.04,100,44.39%,正常
WM_026,2024-11-06 12:50:33,6.42,0.61,-80.57,5.85,7.14,4.16,0.07,100,31.64%,正常
WM_026,2024-11-06 13:00:33,3.64,0.76,-80.98,5.96,8.08,4.19,0.05,100,63.33%,正常
WM_026,2024-11-06 13:10:33,5.99,0.31,-77.23,6.05,8.03,3.02,0.07,100,79.28%,安装不当
WM_026,2024-11-06 13:20:33,3.96,0.75,-80.63,5.82,7.13,2.51,0.05,100,96.99%,系统泄漏
WM_026,2024-11-06 13:30:33,2.17,0.64,-80.67,5.8,7.79,1.92,0.08,100,77.08%,阀门未完全打开
WM_026,2024-11-06 13:40:33,6.64,0.4,-83.69,5.85,6.87,0.86,0.06,100,28.16%,正常
WM_026,2024-11-06 13:50:33,7.5,0.5,-75.35,5.86,8.04,1.13,0.05,100,3.09%,正常
WM_026,2024-11-06 14:00:33,5.9,0.46,-77.9,5.99,7.56,2.82,0.02,100,4.83%,正常
WM_026,2024-11-06 14:10:33,3.53,0.36,-84.94,5.99,7.83,3.9,0.05,100,5.76%,正常
WM_026,2024-11-06 14:20:33,2.99,0.33,-83.99,5.97,7.02,1.61,0.02,100,13.34%,正常
WM_026,2024-11-06 14:30:33,1.03,0.78,-81.77,5.91,8.06,2.59,0.07,100,65.26%,正常
WM_026,2024-11-06 14:40:33,2.07,0.67,-83.56,5.86,7.12,2.6,0.07,100,68.71%,正常
WM_026,2024-11-06 14:50:33,5.19,0.71,-81.6,6.0,7.79,0.99,0.02,100,3.41%,正常
WM_026,2024-11-06 15:00:33,5.97,0.39,-80.31,5.93,7.79,3.95,0.08,100,36.59%,正常
WM_026,2024-11-06 15:10:33,3.62,0.46,-81.59,5.87,7.4,3.98,0.07,100,77.64%,阀门问题
WM_026,2024-11-06 15:20:33,3.9,0.55,-80.34,6.16,8.0,2.44,0.05,100,39.86%,正常
WM_026,2024-11-06 15:30:33,5.61,0.39,-83.98,6.17,7.18,3.46,0.03,100,78.18%,安装问题
WM_026,2024-11-06 15:40:33,3.79,0.39,-78.51,5.82,7.59,1.8,0.04,100,9.60%,正常
WM_026,2024-11-06 15:50:33,5.97,0.43,-75.42,6.1,6.96,1.33,0.03,100,14.19%,正常
WM_027,2024-11-06 12:00:33,4.0,0.75,-75.94,5.98,7.17,1.53,0.02,100,26.85%,正常
WM_027,2024-11-06 12:10:33,3.08,0.54,-75.16,5.91,7.88,2.27,0.03,100,15.99%,正常
WM_027,2024-11-06 12:20:33,7.1,0.77,-84.61,6.14,7.05,1.65,0.05,100,10.85%,正常
WM_027,2024-11-06 12:30:33,2.53,0.57,-78.09,6.03,7.86,1.5,0.07,100,47.63%,正常
WM_027,2024-11-06 12:40:33,4.39,0.64,-76.51,6.1,7.81,1.39,0.03,100,8.11%,正常
WM_027,2024-11-06 12:50:33,2.19,0.39,-77.34,6.0,7.95,2.06,0.03,100,34.28%,正常
WM_027,2024-11-06 13:00:33,3.0,0.41,-78.66,6.19,7.57,1.2,0.04,100,14.82%,正常
WM_027,2024-11-06 13:10:33,6.44,0.48,-80.4,5.99,7.32,1.72,0.06,100,81.95%,水质变化
WM_027,2024-11-06 13:20:33,2.55,0.74,-75.58,6.01,7.85,0.53,0.04,100,61.72%,正常
WM_027,2024-11-06 13:30:33,2.56,0.71,-77.47,5.84,7.7,3.73,0.07,100,96.10%,阀门未完全打开
WM_027,2024-11-06 13:40:33,6.87,0.78,-84.0,6.09,7.42,2.44,0.04,100,51.13%,正常
WM_027,2024-11-06 13:50:33,6.74,0.6,-84.81,5.98,8.16,0.97,0.05,100,89.54%,安装不当
WM_027,2024-11-06 14:00:33,4.56,0.4,-82.24,6.11,8.09,2.07,0.03,100,23.52%,正常
WM_027,2024-11-06 14:10:33,5.19,0.76,-79.16,5.99,7.7,0.89,0.07,100,33.70%,正常
WM_027,2024-11-06 14:20:33,1.45,0.56,-81.18,6.15,8.02,2.86,0.05,100,65.31%,正常
WM_027,2024-11-06 14:30:33,6.34,0.78,-83.92,6.17,7.88,2.92,0.04,100,86.11%,零点漂移
WM_027,2024-11-06 14:40:33,5.97,0.39,-79.42,5.9,7.06,3.8,0.08,100,91.31%,阀门问题
WM_027,2024-11-06 14:50:33,4.99,0.68,-76.95,5.88,7.32,1.99,0.06,100,39.34%,正常
WM_027,2024-11-06 15:00:33,4.95,0.61,-83.08,6.12,7.83,0.96,0.03,100,40.39%,正常
WM_027,2024-11-06 15:10:33,7.65,0.76,-77.3,5.97,8.06,1.56,0.03,100,5.46%,正常
WM_027,2024-11-06 15:20:33,3.55,0.77,-75.34,5.85,7.86,0.52,0.06,100,29.37%,正常
WM_027,2024-11-06 15:30:33,3.27,0.37,-78.89,6.02,7.55,2.33,0.03,100,31.43%,正常
WM_027,2024-11-06 15:40:33,2.42,0.34,-84.85,6.05,7.93,1.36,0.07,100,62.02%,正常
WM_027,2024-11-06 15:50:33,5.03,0.6,-83.73,6.05,7.99,3.98,0.03,100,48.43%,正常
WM_028,2024-11-06 12:00:33,6.09,0.52,-80.24,6.11,7.89,1.28,0.03,50,72.26%,正常
WM_028,2024-11-06 12:10:33,4.61,0.47,-78.58,5.95,7.63,1.64,0.07,50,94.91%,水质变化
WM_028,2024-11-06 12:20:33,3.72,0.76,-81.55,5.82,6.85,0.7,0.05,50,51.36%,正常
WM_028,2024-11-06 12:30:33,6.91,0.36,-75.89,6.14,6.89,3.0,0.06,50,33.18%,正常
WM_028,2024-11-06 12:40:33,7.84,0.35,-77.86,5.97,7.56,3.0,0.05,50,49.51%,正常
WM_028,2024-11-06 12:50:33,2.23,0.51,-79.33,6.11,7.86,0.73,0.06,50,24.35%,正常
WM_028,2024-11-06 13:00:33,7.94,0.51,-80.72,6.05,6.9,3.61,0.07,50,28.71%,正常
WM_028,2024-11-06 13:10:33,1.02,0.56,-75.26,6.03,8.11,1.39,0.07,50,63.68%,正常
WM_028,2024-11-06 13:20:33,3.65,0.44,-82.77,6.0,6.85,4.34,0.08,50,19.55%,正常
WM_028,2024-11-06 13:30:33,3.87,0.63,-75.44,5.97,7.75,1.03,0.07,50,80.25%,安装不当
WM_028,2024-11-06 13:40:33,5.34,0.37,-79.22,6.06,7.37,1.17,0.05,50,62.15%,正常
WM_028,2024-11-06 13:50:33,5.12,0.51,-81.15,6.0,7.5,3.78,0.06,50,24.17%,正常
WM_028,2024-11-06 14:00:33,7.29,0.65,-84.55,6.15,8.19,3.91,0.06,50,17.87%,正常
WM_028,2024-11-06 14:10:33,1.67,0.37,-80.69,5.97,8.0,3.81,0.06,50,2.78%,正常
WM_028,2024-11-06 14:20:33,6.66,0.74,-77.45,6.02,7.78,1.42,0.02,50,25.75%,正常
WM_028,2024-11-06 14:30:33,1.43,0.79,-76.8,5.87,7.3,3.77,0.03,50,11.97%,正常
WM_028,2024-11-06 14:40:33,5.96,0.77,-80.88,5.93,7.57,4.03,0.06,50,6.66%,正常
WM_028,2024-11-06 14:50:33,5.19,0.68,-82.51,6.05,7.23,1.15,0.03,50,3.79%,正常
WM_028,2024-11-06 15:00:33,2.64,0.36,-81.84,5.83,7.85,1.19,0.02,50,25.39%,正常
WM_028,2024-11-06 15:10:33,2.05,0.71,-76.58,5.91,8.1,4.11,0.06,50,3.65%,正常
WM_028,2024-11-06 15:20:33,1.9,0.71,-75.86,6.09,8.0,1.6,0.06,50,22.51%,正常
WM_028,2024-11-06 15:30:33,6.09,0.76,-80.83,5.93,7.86,3.5,0.05,50,41.58%,正常
WM_028,2024-11-06 15:40:33,3.46,0.49,-76.22,5.97,7.27,0.56,0.04,50,46.65%,正常
WM_028,2024-11-06 15:50:33,3.9,0.42,-78.35,6.04,7.51,2.17,0.04,50,69.91%,正常
WM_029,2024-11-06 12:00:33,7.23,0.54,-84.33,6.09,7.2,3.22,0.05,50,88.48%,零点漂移
WM_029,2024-11-06 12:10:33,5.83,0.54,-84.64,6.19,7.95,3.3,0.06,50,79.36%,零点漂移
WM_029,2024-11-06 12:20:33,4.77,0.32,-80.87,5.99,7.64,4.47,0.02,50,87.72%,流体特性变化
WM_029,2024-11-06 12:30:33,2.67,0.5,-82.79,5.9,7.95,4.12,0.02,50,93.68%,零点漂移
WM_029,2024-11-06 12:40:33,2.2,0.71,-83.38,5.94,7.63,3.16,0.03,50,57.62%,正常
WM_029,2024-11-06 12:50:33,3.24,0.6,-78.4,6.1,7.74,2.9,0.04,50,51.86%,正常
WM_029,2024-11-06 13:00:33,3.27,0.8,-84.39,5.89,7.19,4.36,0.06,50,32.41%,正常
WM_029,2024-11-06 13:10:33,6.94,0.41,-82.51,6.13,7.8,1.56,0.07,50,74.44%,正常
WM_029,2024-11-06 13:20:33,2.62,0.51,-80.16,5.88,7.11,0.86,0.05,50,15.15%,正常
WM_029,2024-11-06 13:30:33,6.23,0.42,-75.75,6.01,7.83,1.54,0.08,50,95.81%,安装问题
WM_029,2024-11-06 13:40:33,4.36,0.64,-83.72,6.05,8.06,3.44,0.05,50,55.95%,正常
WM_029,2024-11-06 13:50:33,5.35,0.39,-81.0,6.15,6.81,3.95,0.03,50,19.47%,正常
WM_029,2024-11-06 14:00:33,7.11,0.34,-77.36,5.82,7.05,2.95,0.05,50,51.54%,正常
WM_029,2024-11-06 14:10:33,6.94,0.49,-75.49,6.06,7.36,0.88,0.07,50,91.14%,传感器故障
WM_029,2024-11-06 14:20:33,4.73,0.41,-84.29,5.94,7.86,0.95,0.04,50,8.38%,正常
WM_029,2024-11-06 14:30:33,1.61,0.68,-83.31,6.11,7.94,1.51,0.05,50,88.08%,安装不当
WM_029,2024-11-06 14:40:33,3.32,0.53,-79.85,5.99,7.72,1.15,0.06,50,9.34%,正常
WM_029,2024-11-06 14:50:33,6.15,0.64,-81.45,6.17,7.12,0.94,0.06,50,66.36%,正常
WM_029,2024-11-06 15:00:33,3.36,0.57,-84.92,6.05,6.83,3.46,0.05,50,59.62%,正常
WM_029,2024-11-06 15:10:33,6.93,0.69,-75.63,5.93,7.77,0.93,0.03,50,72.32%,正常
WM_029,2024-11-06 15:20:33,1.01,0.5,-75.47,5.82,7.36,4.35,0.07,50,33.80%,正常
WM_029,2024-11-06 15:30:33,2.36,0.65,-81.35,6.03,7.07,3.73,0.02,50,51.04%,正常
WM_029,2024-11-06 15:40:33,6.09,0.58,-83.15,6.18,7.86,3.78,0.06,50,71.36%,正常
WM_029,2024-11-06 15:50:33,3.19,0.31,-77.1,5.88,8.1,2.54,0.04,50,41.91%,正常
WM_030,2024-11-06 12:00:33,5.7,0.62,-78.89,6.17,7.23,1.44,0.05,100,98.42%,堵塞
WM_030,2024-11-06 12:10:33,3.08,0.77,-80.57,5.98,6.81,1.83,0.03,100,46.86%,正常
WM_030,2024-11-06 12:20:33,1.25,0.46,-79.26,6.14,7.42,3.11,0.02,100,95.21%,流体特性变化
WM_030,2024-11-06 12:30:33,6.35,0.77,-80.3,6.11,7.16,1.77,0.03,100,5.97%,正常
WM_030,2024-11-06 12:40:33,1.64,0.41,-77.61,5.97,7.77,3.93,0.04,100,16.18%,正常
WM_030,2024-11-06 12:50:33,1.25,0.44,-76.11,6.15,7.91,3.16,0.03,100,72.12%,正常
WM_030,2024-11-06 13:00:33,6.75,0.6,-78.02,5.92,7.91,1.69,0.03,100,86.02%,阀门未完全打开
WM_030,2024-11-06 13:10:33,6.82,0.59,-78.78,6.08,6.99,1.44,0.07,100,15.95%,正常
WM_030,2024-11-06 13:20:33,1.89,0.39,-79.46,5.84,7.03,1.94,0.06,100,58.71%,正常
WM_030,2024-11-06 13:30:33,7.09,0.43,-77.22,6.16,7.43,0.87,0.06,100,35.41%,正常
WM_030,2024-11-06 13:40:33,4.9,0.79,-84.35,6.18,7.1,4.4,0.08,100,20.90%,正常
WM_030,2024-11-06 13:50:33,7.49,0.39,-80.53,6.09,7.78,1.04,0.07,100,48.10%,正常
WM_030,2024-11-06 14:00:33,5.58,0.42,-82.14,6.1,7.04,0.52,0.05,100,45.42%,正常
WM_030,2024-11-06 14:10:33,1.98,0.79,-82.45,5.85,7.13,0.82,0.03,100,93.22%,水质变化
WM_030,2024-11-06 14:20:33,3.61,0.39,-81.47,5.9,8.01,1.25,0.05,100,13.77%,正常
WM_030,2024-11-06 14:30:33,2.15,0.79,-80.48,6.09,7.19,3.97,0.07,100,98.69%,水质变化
WM_030,2024-11-06 14:40:33,7.03,0.51,-80.62,5.81,7.48,3.89,0.05,100,82.27%,传感器故障
WM_030,2024-11-06 14:50:33,6.92,0.57,-79.51,6.16,7.01,2.52,0.04,100,24.99%,正常
WM_030,2024-11-06 15:00:33,7.7,0.43,-78.82,6.16,6.83,1.76,0.07,100,21.24%,正常
WM_030,2024-11-06 15:10:33,5.27,0.51,-78.29,5.85,7.17,1.97,0.06,100,67.92%,正常
WM_030,2024-11-06 15:20:33,5.52,0.31,-81.01,5.93,7.49,4.06,0.03,100,92.56%,安装问题
WM_030,2024-11-06 15:30:33,1.11,0.69,-79.92,5.99,6.91,1.96,0.05,100,29.83%,正常
WM_030,2024-11-06 15:40:33,3.36,0.41,-84.95,5.84,8.19,1.37,0.06,100,42.91%,正常
WM_030,2024-11-06 15:50:33,2.68,0.8,-84.98,6.17,6.94,3.14,0.02,100,69.74%,正常
